Ticker,Description,Price,Change %,Technical Rating,Volume,Change from Open %,Volume*Price,Market Capitalization,Number of Employees,Sector,Industry,"Change 1M, %","Change 1W, %",Exchange
6098,COUNTRY GARDEN SVCS HLDGS CO LTD,20.25,-15.4488553,Buy,324754252,-4.92957746,6576273603,80786404795,223667,Finance,Real Estate Development,5.9100363,-15.4488553,HKEX
700,TENCENT HOLDINGS LIMITED,319,-2.02703004,Buy,8461679,0.18844221,2699275601,3092708160318,112771,Technology Services,Internet Software/Services,11.07241953,-2.02703004,HKEX
3690,MEITUAN,178.5,-5.30503979,Buy,14570917,-1.92307692,2600908684.5,1173695301137,100033,Transportation,Air Freight/Couriers,9.10757279,-5.30503979,HKEX
1030,SEAZEN GROUP LTD,3.55,-12.56157635,Buy,720302000,-0.28089888,2557072100,26305720928,32105,Finance,Real Estate Development,1.42857143,-12.56157635,HKEX
9988,ALIBABA GROUP HOLDING LTD,89.8,-2.23189771,Buy,19195502,0,1723756079.6,1945409159283,254941,Retail Trade,Internet Retail,12.3904853,-2.23189771,HKEX
1024,KUAISHOU TECHNOLOGY,68.8,-1.85449078,Buy,16141653,-0.57803468,1110545726.3999999,301751874218,28098,Technology Services,Information Technology Services,21.66224795,-1.85449078,HKEX
388,HONG KONG EXCHANGES & CLEARING,339.6,-1.79294106,Buy,2855658,-0.7597896,969781456.8,437498571739,2307,Finance,Investment Banks/Brokers,10.98039216,-1.79294106,HKEX
1299,AIA GROUP LIMITED,85.25,-0.29239766,Buy,11034509,0.82791248,940691892.25,1004550104004,,Finance,Multi-Line Insurance,8.59872611,-0.29239766,HKEX
9939,KINTOR PHARMACEUTICAL LTD,12.64,-11.85495119,Strong Sell,63390500,-2.76923077,801255920,5740112396,316,Health Technology,Biotechnology,-4.96240602,-11.85495119,HKEX
9626,BILIBILI INC,206.8,5.24173028,Buy,3872135,4.92135972,800757518,77934754764,12281,Technology Services,Packaged Software,63.09148265,5.24173028,HKEX
241,ALIBABA HEALTH INFORMATION TECH LTD,9.09,-3.29787234,Buy,81130259,-4.31578947,737474054.31,127045318477,1849,Technology Services,Information Technology Services,42.25352113,-3.29787234,HKEX
9618,JD.COM INC,230.2,-2.78716216,Buy,3084424,1.58870256,710034404.8,638321406664,385357,Retail Trade,Internet Retail,5.21023766,-2.78716216,HKEX
6618,JD HEALTH INTERNATIONAL INC,80.9,-4.43000816,Buy,7794437,-4.71142521,630569953.3000001,269179812908.99997,3305,Health Services,Medical/Nursing Services,18.79589189,-4.43000816,HKEX
2015,LI AUTO INC,83.55,-11.11702128,Neutral,7294691,-0.17921147,609471433.05,183151949534,11901,Consumer Durables,Motor Vehicles,7.04676078,-11.11702128,HKEX
719,SHANDONG XINHUA PHARMACEUTICAL CO,11.46,34.50702647,Strong Buy,52740200,21.39830508,604402692,19010500595,6533,Health Technology,Pharmaceuticals: Other,114.60674157,34.50702647,HKEX
9868,XPENG INC,41.75,-10.88580196,Buy,13943327,-2.90697674,582133902.25,79783340106,13978,Consumer Durables,Motor Vehicles,24.07131506,-10.88580196,HKEX
2318,PING AN INSURANCE(GROUP)CO.OF CHINA,51.25,-2.8436019,Buy,11048387,-1.34744947,566229833.75,966756339131,355982,Finance,Multi-Line Insurance,7.32984293,-2.8436019,HKEX
2382,SUNNY OPTICAL TECHNOLOGY GROUP,95.9,-10.45751634,Buy,5851304,-7.5216972,561140053.6,117206880996,24664,Electronic Technology,Electronic Components,5.50054773,-10.45751634,HKEX
960,LONGFOR GROUP HLDGS LTD,26.95,-8.6440678,Buy,20062829,-3.75,540693241.55,180110031738,44065,Finance,Real Estate Development,14.43737216,-8.6440678,HKEX
1211,BYD COMPANY LIMITED,209.8,-2.41860465,Neutral,2493581,-1.59474672,523153293.8,794023353503,288200,Consumer Durables,Motor Vehicles,9.55613577,-2.41860465,HKEX
1928,SANDS CHINA LTD,25.65,-2.47147918,Buy,19271356,-2.65654649,494310281.4,212850863601,25751,Consumer Services,Casinos/Gaming,22.14285714,-2.47147918,HKEX
1833,PING AN HEALTHCARE & TECHNO CO LTD,29.25,-5.03246445,Buy,16786168,-7.14285714,490995414,34459435426,3425,Retail Trade,Drugstore Chains,50.30833249,-5.03246445,HKEX
175,GEELY AUTOMOBILE HOLDINGS LIMITED,11.94,-4.784689,Neutral,40741580,-2.92682927,486454465.2,126114448972,44000,Consumer Durables,Motor Vehicles,4.92091388,-4.784689,HKEX
2269,WUXI BIOLOGICS (CAYMAN) INC,52.55,-2.50464184,Buy,8844395,0,464772957.25,227561858688,9864,Health Technology,Biotechnology,4.78563889,-2.50464184,HKEX
941,CHINA MOBILE LTD,51.3,-0.67764179,Buy,8680073,0.1953125,445287744.9,1056762057587.0002,449934,Communications,Specialty Telecommunications,-0.86956522,-0.67764179,HKEX
2331,LI NING CO LTD,60.25,-4.44091839,Neutral,7073599,-3.05711987,426184339.75,165576840599,4019,Consumer Non-Durables,Apparel/Footwear,-1.63265306,-4.44091839,HKEX
2333,GREAT WALL MOTOR COMPANY LIMITED,10.22,-5.01858736,Sell,39556000,-4.12757974,404262320,247511204199,77934,Consumer Durables,Motor Vehicles,-9.39716312,-5.01858736,HKEX
1797,KOOLEARN TECHNOLOGY HLDG LTD,42.35,-6.30531181,Buy,8351528,-5.78420467,353687210.8,45461682945,1300,Commercial Services,Miscellaneous Commercial Services,3.29268293,-6.30531181,HKEX
939,CHINA CONSTRUCTION BANK,4.74,0.21141649,Buy,73481001,1.06609808,348299944.74,1197357666362,351252,Finance,Regional Banks,0.63694268,0.21141649,HKEX
9888,BAIDU INC,115.8,-5.85365854,Buy,2984333,-1.36286201,345585761.4,347873672270,45500,Technology Services,Internet Software/Services,13.97637795,-5.85365854,HKEX
1810,XIAOMI CORPORATION,11.2,-2.43902439,Buy,30194720,-0.17825312,338180864,286597725680,33427,Electronic Technology,Telecommunications Equipment,8.52713178,-2.43902439,HKEX
3968,CHINA MERCHANTS BANK CO LTD,41.2,-2.60047051,Buy,7923752,-1.78784267,326458582.40000004,1043456777368,103669,Finance,Regional Banks,5.10203814,-2.60047051,HKEX
1093,CSPC PHARMACEUTICAL GROUP LIMITED,8.59,3.24519231,Neutral,35598768,3.24519231,305793417.12,99124638864,24746,Health Technology,Pharmaceuticals: Major,-14.01401401,3.24519231,HKEX
9961,TRIP COM GROUP LTD,261.6,-1.80179812,Buy,1167813,1.39534884,305499880.8,164720820152,33732,Consumer Services,Other Consumer Services,11.03564894,-1.80179812,HKEX
6185,CANSINO BIOLOGICS INC,93,4.37710672,Buy,3127200,1.63934426,290829600,30508516488,1946,Health Technology,Biotechnology,-6.48566837,4.37710672,HKEX
753,AIR CHINA LTD,7.25,0.97493036,Buy,40059072,0.97493036,290428272,154625934261,88395,Transportation,Airlines,16.93548387,0.97493036,HKEX
2020,ANTA SPORTS PRODUCTS,96.55,-3.83466135,Buy,2929406,-1.8800813,282834149.3,270364261921.00003,52000,Consumer Non-Durables,Apparel/Footwear,6.21561923,-3.83466135,HKEX
9999,NETEASE INC,110.4,-1.86666667,Buy,2455346,1.37741047,271070198.40000004,369297180176,32064,Technology Services,Packaged Software,1.00640439,-1.86666667,HKEX
1398,INDUSTRIAL & COMMERCIAL BK OF CHINA,3.85,-1.02827763,Buy,70404719,0,271058168.15000004,1636347948240,434089,Finance,Major Banks,-1.53452685,-1.02827763,HKEX
5,HSBC HOLDINGS PLC,47.45,0.52965889,Buy,5579522,0.52966102,264748318.9,944061565215.0461,220000,Finance,Major Banks,0.42328042,0.52965889,HKEX
1128,WYNN MACAU LTD,9.1,-3.49946978,Buy,28884247,-0.76335878,262846647.7,49370121969,12250,Consumer Services,Casinos/Gaming,52.68456376,-3.49946978,HKEX
3319,A-LIVING SMART CITY SERVICES CO LTD,10.76,-3.06306306,Buy,24318218,-0.18552876,261664025.68,15762008672,87603,Finance,Real Estate Development,19.15836102,-3.06306306,HKEX
883,CNOOC LIMITED,9.8,-0.20366599,Sell,24601688,0.10214505,241096542.4,448616030700,19086,Energy Minerals,Integrated Oil,-3.92156863,-0.20366599,HKEX
6862,HAIDILAO INTL HLDG LTD,21.05,-3.88127854,Buy,10620100,-2.5462963,223553105,122070597874,146584,Consumer Services,Restaurants,10.0941365,-3.88127854,HKEX
688,CHINA OVERSEAS LAND & INVESTMNTS,21.15,-3.64465131,Buy,9720343,-1.85614849,205585254.45,240240207520,5692,Finance,Real Estate Development,0.23696682,-3.64465131,HKEX
9922,JIUMAOJIU INTL HLDGS LTD,18.8,-5.71715618,Buy,10911431,-3.58974359,205134902.8,28990409453,14495,Consumer Services,Restaurants,-4.08163265,-5.71715618,HKEX
570,CHINA TRADITIONAL CHINESE MED HLDGS,4.02,2.81329923,Buy,49590000,1.00502513,199351799.99999997,19689983396,17098,Health Technology,Pharmaceuticals: Major,3.34190231,2.81329923,HKEX
27,GALAXY ENTERTAINMENT GROUP LIMITED,51.5,-2.64650652,Buy,3823140,-1.71755725,196891710,230914189278,17700,Consumer Services,Casinos/Gaming,10.27837023,-2.64650652,HKEX
1951,JINXIN FERTILITY GROUP LTD,7.14,-4.16107383,Buy,26948500,-0.83333333,192412290,18651281871,2548,Health Services,Medical/Nursing Services,18.01652893,-4.16107383,HKEX
2313,SHENZHOU INTERNATIONAL GROUP HLDGS,82.45,-4.84708817,Buy,2304169,-1.90362879,189978734.05,130254224303,95820,Consumer Non-Durables,Apparel/Footwear,18.3775989,-4.84708817,HKEX
2196,SHANGHAI FOSUN PHARMACEUTICAL GROUP,26.8,3.67504836,Buy,6987100,3.87596899,187254280,102043786658,36279,Health Technology,Pharmaceuticals: Major,3.87597302,3.67504836,HKEX
6969,SMOORE INTL HDGS LTD,14.04,-2.09205021,Buy,13085500,-0.42553191,183720420,87158534931,16263,Consumer Non-Durables,Tobacco,17.5879397,-2.09205021,HKEX
1995,CIFI EVER SUNSHINE SVCS GROUP LTD,5.81,-7.1884984,Buy,30702000,-1.19047619,178378620,10950117417,16709,Finance,Real Estate Development,28.8248337,-7.1884984,HKEX
9926,AKESO INC,40.9,-0.24390244,Buy,4326500,-1.91846523,176953850,34483344788,1865,Health Technology,Pharmaceuticals: Major,22.08955224,-0.24390244,HKEX
6600,SCICLONE PHARMACEUTICALS (HLDGS) LT,10.92,21.60356347,Strong Buy,15812000,19.2139738,172667040,6148926980,890,Health Technology,Pharmaceuticals: Major,73.05863708,21.60356347,HKEX
823,LINK REAL ESTATE INVESTMENT TRUST,55.5,0,Buy,3096760,0.45248869,171870180,116966087402,1200,Finance,Real Estate Investment Trusts,5.71428571,0,HKEX
669,TECHTRONIC INDUSTRIES CO,95.4,0.89899204,Buy,1769461,2.41545894,168806579.4,173170881316,51426,Consumer Durables,Tools & Hardware,2.80172081,0.89899204,HKEX
2013,WEIMOB INC,5.7,-2.56410256,Buy,29369115,-1.21317158,167403955.5,14709509123,8562,Technology Services,Packaged Software,30.73394495,-2.56410256,HKEX
291,CHINA RESOURCES BEER (HOLDINGS) CO,54.7,-0.54545455,Buy,2916206,0.92250923,159516468.20000002,178429735107,25000,Consumer Non-Durables,Beverages: Alcoholic,2.14752758,-0.54545455,HKEX
1801,INNOVENT BIOLOGICS INC,31.85,-1.24031008,Buy,4950724,1.59489633,157680559.4,49420180298,5568,Health Technology,Pharmaceuticals: Major,3.91517129,-1.24031008,HKEX
386,CHINA PETROLEUM & CHEMICAL CORP,3.71,0.27027027,Strong Buy,40390706,1.64383562,149849519.26,576978919591,385691,Energy Minerals,Integrated Oil,1.08991826,0.27027027,HKEX
981,SEMICONDUCTOR MANUFACTURING INTL CO,16.78,-0.71005917,Buy,8764569,0.11933174,147069467.82000002,193087869175,17681,Electronic Technology,Semiconductors,-1.1778563,-0.71005917,HKEX
762,CHINA UNICOM (HONG KONG) LIMITED,4.7,2.62008734,Strong Buy,29185040,2.39651416,137169688,140139401220,242497,Communications,Major Telecommunications,8.04597701,2.62008734,HKEX
1548,GENSCRIPT BIOTECH CORPORATION,23.4,-2.29645502,Buy,5728254,0,134041143.6,50377300494,5260,Commercial Services,Miscellaneous Commercial Services,18.42105263,-2.29645502,HKEX
2388,BOC HONG KONG(HLDGS) LTD,25.25,1.40562249,Buy,5011474,1.40562249,126539718.5,263262249092,14553,Finance,Major Banks,2.02020202,1.40562249,HKEX
1516,SUNAC SERVICES HLDGS,4.64,-4.32989691,Buy,27019064,0.86956522,125368456.96,14825693080,38146,Finance,Real Estate Development,45,-4.32989691,HKEX
1088,CHINA SHENHUA ENERGY COMPANY LTD,22.45,-1.10132594,Sell,5499000,-0.66371681,123452550,614439846559,77872,Energy Minerals,Coal,-6.45833333,-1.10132594,HKEX
9992,POP MART INTL GRP LTD,20.55,-6.80271686,Buy,5971800,-5.94965675,122720490,29910511734,4053,Consumer Services,Movies/Entertainment,18.51211073,-6.80271686,HKEX
1138,COSCO SHIPPING ENGY TPT CO LTD,6.96,0.57803468,Buy,17465950,0.57803468,121563012,62101612439,7781,Transportation,Marine Shipping,0.43290043,0.57803468,HKEX
857,PETROCHINA CO,3.47,0,Buy,34756000,1.16618076,120603320,1005557603139,,Energy Minerals,Integrated Oil,-1.97740113,0,HKEX
2202,CHINA VANKE CO. LTD,16.78,-4.87527805,Buy,6833546,-1.5258216,114666901.88000003,256508562129,139494,Finance,Real Estate Development,4.48319455,-4.87527805,HKEX
728,CHINA TELECOM CORPORATION,3.22,0.625,Strong Buy,35336293,0.94043887,113782863.46,427045574733,278922,Communications,Major Telecommunications,1.25786164,0.625,HKEX
1109,CHINA RESOURCES LAND,34.35,-3.23943662,Buy,3270100,-0.86580087,112327935,253148350586,49478,Finance,Real Estate Development,-4.58333333,-3.23943662,HKEX
2899,ZIJIN MINING GROUP CO.LTD,10.76,-4.44049734,Buy,10258751,-2.53623188,110384160.76,309310682658,43876,Non-Energy Minerals,Precious Metals,6.11439842,-4.44049734,HKEX
874,GUANGZHOU BAIYUNSHAN PHARMACEUTICAL,25.85,9.53389831,Strong Buy,4124304,7.70833333,106613258.4,55823360949,25437,Health Technology,Pharmaceuticals: Major,23.98081535,9.53389831,HKEX
2400,XD INC,20.6,-8.24053861,Neutral,5136000,-5.06912442,105801600,10785669460,2327,Technology Services,Packaged Software,4.04040929,-8.24053861,HKEX
16,SUN HUNG KAI PROPERTIES LTD,101.2,-1.26829268,Buy,1035687,-0.39370079,104811524.4,297022478027,40500,Finance,Real Estate Development,8.0042724,-1.26829268,HKEX
168,TSINGTAO BREWERY CO,73.65,-1.60320378,Buy,1403050,-1.93075899,103334632.50000001,134858073119.99998,32947,Consumer Non-Durables,Beverages: Alcoholic,1.02880381,-1.60320378,HKEX
9987,YUM CHINA HOLDINGS INC,442,-3.19754921,Buy,233450,-0.54005401,103184900,184233171477.5294,450000,Consumer Services,Restaurants,2.45711874,-3.19754921,HKEX
2688,ENN ENERGY HOLDINGS LTD,110.3,-2.21631206,Buy,904728,-1.60570919,99791498.4,127232840552,,Utilities,Gas Distributors,0.73059361,-2.21631206,HKEX
1772,GANFENG LITHIUM GROUP CO LTD,67.65,-3.70106762,Buy,1471960,-3.63247863,99578094.00000001,174221478788,7870,Process Industries,Chemicals: Specialty,-0.22124335,-3.70106762,HKEX
2618,JD LOGISTICS INC,15.76,-3.07503075,Buy,6315130,-1.25313283,99526448.8,107276685338,316382,Transportation,Air Freight/Couriers,12.89398281,-3.07503075,HKEX
992,LENOVO GROUP LIMITED,6.24,0.48309179,Sell,15892390,3.31125828,99168513.6,75315687035,75000,Electronic Technology,Computer Processing Hardware,-5.16717325,0.48309179,HKEX
1055,CHINA SOUTHERN AIRLINES COMPANY LTD,5.27,2.52918288,Buy,17822160,2.52918288,93922783.19999997,136646372229,98098,Transportation,Airlines,14.06926407,2.52918288,HKEX
3383,AGILE GROUP HOLDING LTD,3.1,-0.32154341,Buy,30034000,1.30718954,93105400,13099466858,98466,Finance,Real Estate Development,22.04724409,-0.32154341,HKEX
2319,CHINA MENGNIU DAIRY CO,34.4,-1.14942245,Buy,2599382,-0.28985507,89418740.8,137363702262,44629,Consumer Non-Durables,Food: Meat/Fish/Dairy,-1.14942245,-1.14942245,HKEX
6078,HYGEIA HEALTHCARE HLDGS CO LTD,49.3,-0.4040404,Buy,1795000,-0.4040404,88493500,30322750122,5077,Health Technology,Pharmaceuticals: Major,0.92119144,-0.4040404,HKEX
3908,CHINA INTL CAPITAL CORPORATION LTD,15.02,-0.52980132,Buy,5874000,0.67024129,88227480,161155955231,13557,Finance,Investment Banks/Brokers,3.30123796,-0.52980132,HKEX
853,MICROPORT SCIENTIFIC CORPORATION,20.9,-2.3364486,Buy,3994000,-0.47619048,83474600,39103760582,8019,Health Technology,Medical Specialties,14.33259768,-2.3364486,HKEX
17,NEW WORLD DEVELOPMENT CO,21.4,-3.82022472,Neutral,3814530,-2.72727273,81630942,55995090942,28000,Finance,Real Estate Development,15.8008658,-3.82022472,HKEX
2282,MGM CHINA HLDGS LTD,8.23,-3.29024677,Buy,9787600,-0.96269555,80551948,32338000870,10117,Consumer Services,Casinos/Gaming,57.0610687,-3.29024677,HKEX
1171,YANKUANG ENERGY GROUP COMPANY LTD,24.55,-1.40562249,Neutral,3280000,-0.80808081,80524000,179616771323,61864,Energy Minerals,Coal,-5.02901354,-1.40562249,HKEX
1308,SITC INTERNATIONAL HLDGS CO LTD,17.78,1.83276643,Buy,4505647,2.18390805,80110403.66000001,46835684522,1920,Transportation,Marine Shipping,4.34271688,1.83276643,HKEX
1347,HUA HONG SEMICONDUCTOR LIMITED,26.65,-0.55969778,Buy,2989100,1.33079848,79659515,35018000468,6084,Electronic Technology,Semiconductors,-0.92936803,-0.55969778,HKEX
880,SJM HOLDINGS LIMITED,4.5,-2.17391304,Buy,17577836,-1.96078431,79100262,32668305377,20300,Consumer Services,Casinos/Gaming,21.62162162,-2.17391304,HKEX
772,CHINA LITERATURE LTD,31.05,-2.6645768,Buy,2523131,-0.48076923,78343217.55,32418006625,2000,Consumer Services,Publishing: Books/Magazines,11.49012567,-2.6645768,HKEX
1876,BUDWEISER BREWING COMPANY APAC LTD,24.35,-0.6122449,Buy,3214600,0.82815735,78275510,324463237793,26038,Consumer Non-Durables,Beverages: Alcoholic,8.70535714,-0.6122449,HKEX
3900,GREENTOWN CHINA HOLDINGS LTD,13.26,-7.78859527,Buy,5902500,-5.28571429,78267150,36410142736,10120,Finance,Real Estate Development,0,-7.78859527,HKEX
2137,BRII BIOSCIENCES L,9.23,0.87431694,Buy,8446000,-1.91285866,77956580,6652052515,113,Commercial Services,Miscellaneous Commercial Services,7.07656613,0.87431694,HKEX
1579,YIHAI INTERNATIONAL HOLDING LTD,25.3,-4.88721805,Buy,3043294,-3.80228137,76995338.2,26076829158,2499,Consumer Non-Durables,Food: Major Diversified,4.54545023,-4.88721805,HKEX
780,TONGCHENG TRAVEL HOLDINGS LIMITED,18.24,2.01342852,Buy,4216850,2.35690236,76915344,39907739064,5339,Consumer Services,Other Consumer Services,9.35251799,2.01342852,HKEX
6186,CHINA FEIHE LTD,7.24,-3.0789826,Buy,10600425,-1.09289617,76747077,67778175000.99999,9091,Consumer Non-Durables,Food: Meat/Fish/Dairy,14.37598736,-3.0789826,HKEX
1877,SHANGHAI JUNSHI BIOSCIENCES CO LTD,35.1,3.69276831,Buy,2186000,2.93255132,76728600,60302791277,2805,Health Technology,Pharmaceuticals: Major,1.73913043,3.69276831,HKEX
836,CHINA RESOURCES POWER HLDGS CO,13.8,-2.12765957,Sell,5432020,-1.28755365,74961876,67827260087,21252,Utilities,Electric Utilities,-4.03337969,-2.12765957,HKEX
873,SHIMAO SERVICES HOLDINGS LTD,3.47,-5.96205962,Buy,21285000,-1.69971671,73858950,9107558864,41643,Finance,Financial Conglomerates,27.57352941,-5.96205962,HKEX
270,GUANGDONG INVESTMENT,7.99,1.91326531,Buy,9189757,1.78343949,73426158.43,51256516076,10236,Utilities,Water Utilities,11.59217877,1.91326531,HKEX
2628,CHINA LIFE INSURANCE CO,12.14,-2.09677419,Buy,5690077,-1.30081301,69077534.78,936713129938,103262,Finance,Multi-Line Insurance,2.3608769,-2.09677419,HKEX
1113,CK ASSET HOLDINGS LTD,46.5,-1.79513841,Neutral,1465572,-1.48305085,68149098,170705749785,54000,Finance,Real Estate Development,-0.10740924,-1.79513841,HKEX
9966,ALPHAMAB ONCOLOGY,10.6,5.78842315,Strong Buy,6179000,0.95238095,65497400,9415958454,459,Health Technology,Biotechnology,19.7740113,5.78842315,HKEX
6963,SUNSHINE INSURANCE GROUP CO LTD,5.5,-5.66037736,Buy,11891000,-2.82685512,65400500,60346300000,60950,Finance,Multi-Line Insurance,54900,-5.66037736,HKEX
6690,HAIER SMART HOME CO LTD,26.1,-2.79329609,Buy,2491068,-0.76045627,65016874.8,259615270746,104874,Consumer Durables,Electronics/Appliances,1.953125,-2.79329609,HKEX
9698,GDS HOLDINGS LTD,19.62,-4.29268293,Buy,3282600,0.20429009,64404612,29865274353,,Technology Services,Data Processing Services,44.90398818,-4.29268293,HKEX
1919,COSCO SHIPPING HOLDINGS,8.24,-0.8423586,Sell,7813900,-0.60313631,64386536,217690724397,30980,Transportation,Marine Shipping,-2.25385528,-0.8423586,HKEX
1929,CHOW TAI FOOK JEWELLERY GROUP LTD,14.98,0.40214477,Buy,4267400,1.49051491,63925652,149200000763,28400,Consumer Durables,Other Consumer Specialties,9.66325037,0.40214477,HKEX
1880,CHINA TOURISM GROUP DUTY FREE CORP,209.8,-1.68696821,Buy,297488,-1.03773585,62412982.40000001,466381249437,14720,Retail Trade,Discount Stores,6.93170234,-1.68696821,HKEX
354,CHINASOFT INTERNATIONAL LIMITED,6.85,-0.8683068,Buy,9069568,-0.72463768,62126540.8,20746204976,92039,Technology Services,Packaged Software,3.31825038,-0.8683068,HKEX
3,HONGKONG & CHINA GAS CO. LTD.,7.25,0.83449235,Buy,8504453,1.8258427,61657284.25,134164460189,2106,Utilities,Gas Distributors,9.18674699,0.83449235,HKEX
909,MING YUAN CLOUD GROUP HLDGS LTD,7.67,-2.04342273,Buy,7957249,1.32100396,61032099.83,14779296902,4247,Technology Services,Packaged Software,27.62063228,-2.04342273,HKEX
6160,BEIGENE LTD,121.9,-1.85185185,Buy,489900,1.66805671,59718810,169104325415,8200,Health Technology,Pharmaceuticals: Major,5.72419775,-1.85185185,HKEX
3738,VOBILE GROUP LTD,3.72,-6.29722922,Neutral,16046500,-4.12371134,59692980,8311280353,293,Technology Services,Packaged Software,7.20461095,-6.29722922,HKEX
1177,SINO BIOPHARMACEUTICAL,4.58,0.88105727,Buy,12633923,0.65934066,57863367.34,85049574989,25579,Health Technology,Pharmaceuticals: Major,0,0.88105727,HKEX
285,BYD ELECTRONIC INTERNATIONAL CO. LT,27.1,-0.55045872,Buy,2110825,2.07156309,57203357.5,61399825073,91000,Electronic Technology,Electronic Production Equipment,6.69291339,-0.55045872,HKEX
1997,WHARF REAL ESTATE INVESTMENT CO LTD,43.05,0.34964567,Strong Buy,1326406,0.34965035,57101778.3,130254155585,2900,Finance,Real Estate Development,19.58333333,0.34964567,HKEX
3933,UNITED LABORATORIES INTL HLDGS LTD,5.21,9.45378151,Strong Buy,10938000,8.76826722,56986980,8649046505,13300,Health Technology,Pharmaceuticals: Major,28.00982801,9.45378151,HKEX
670,CHINA EASTERN AIRLINES CORP,3.47,3.89221557,Buy,16200000,2.66272189,56214000,95524980153,80321,Transportation,Airlines,19.65517241,3.89221557,HKEX
200,MELCO INTERNATIONAL DEVELOPMENT,8.88,-1.22358176,Buy,6195000,-1.22358176,55011600.00000001,13624161385,17897,Consumer Services,Casinos/Gaming,41.62679426,-1.22358176,HKEX
1658,POSTAL SAVINGS BANK OF CHINA CO,4.8,-1.8404908,Buy,11440653,-0.20790021,54915134.4,474898991018,193946,Finance,Major Banks,2.56410256,-1.8404908,HKEX
1,CK HUTCHISON HOLDINGS LIMITED,45.2,-0.55005719,Buy,1207688,0.44444444,54587497.6,174277328865,,Retail Trade,Specialty Stores,-0.22074835,-0.55005719,HKEX
268,KINGDEE INTL SOFTWARE GROUP,15.36,-3.27455919,Buy,3442974,0,52884080.64,55075224977,11588,Technology Services,Packaged Software,19.25465839,-3.27455919,HKEX
1448,FU SHOU YUAN INTL GRP LIMITED,6.5,2.68562401,Buy,8127798,1.5625,52830687,14467635177,2464,Consumer Services,Other Consumer Services,14.43661972,2.68562401,HKEX
6,POWER ASSETS HOLDINGS LTD.,41.45,-0.36057213,Buy,1255780,0.12077295,52052081,88653974092,13,Utilities,Electric Utilities,3.23785289,-0.36057213,HKEX
9995,REMEGEN CO LTD,54.65,-1.08597285,Strong Buy,937500,-1.17540687,51234375,39278666166,,Health Technology,Pharmaceuticals: Major,10.51567016,-1.08597285,HKEX
914,ANHUI CONCH CEMENT,29.35,-2.16666667,Buy,1741000,-2.16666667,51098350,174525744078,46714,Non-Energy Minerals,Construction Materials,3.89380531,-2.16666667,HKEX
2096,SIMCERE PHARMACEUTICAL GRP LTD,9.91,4.31578947,Buy,5109000,2.69430052,50630190,25273576416,6182,Health Technology,Pharmaceuticals: Major,-3.22265625,4.31578947,HKEX
1585,YADEA GROUP HOLDINGS LTD,13.32,-3.19767442,Sell,3753482,-1.18694362,49996380.24,40418700594,9174,Consumer Durables,Motor Vehicles,-9.26430518,-3.19767442,HKEX
11,HANG SENG BANK,125.8,0.23904382,Buy,394846,0.64,49671626.8,239936268066,9396,Finance,Regional Banks,4.65890183,0.23904382,HKEX
384,CHINA GAS HOLDINGS,11.32,0,Buy,4386400,0.53285968,49654048,61584601152,,Utilities,Gas Distributors,14.22805247,0,HKEX
3323,CHINA NATIONAL BUILDING MATERIAL CO,6.93,-2.11864407,Buy,7020000,-1,48648600,59718175533,153109,Non-Energy Minerals,Construction Materials,1.02040816,-2.11864407,HKEX
1787,SHANDONG GOLD MINING CO LTD,14.72,-3.91644909,Neutral,3213627,-4.16666667,47304589.44000001,96416088421,16012,Non-Energy Minerals,Precious Metals,-3.41207349,-3.91644909,HKEX
2883,CHINA OILFIELD SERVICES,9,-2.7027027,Sell,5251601,-3.12163617,47264409,72269517546,14850,Industrial Services,Contract Drilling,-8.06945863,-2.7027027,HKEX
558,L.K. TECHNOLOGY HOLDINGS LIMITED,7.84,1.81818182,Sell,6015000,1.81818182,47157600,10598214130,4934,Producer Manufacturing,Industrial Machinery,1.42302717,1.81818182,HKEX
9633,NONGFU SPRING CO LTD,42.9,-1.26582506,Strong Sell,1087932,0.11668611,46672282.8,488658978175,20000,Consumer Non-Durables,Beverages: Non-Alcoholic,-4.87804456,-1.26582506,HKEX
868,XINYI GLASS HLDGS,15.02,-2.46753247,Buy,3086798,-1.05401845,46363705.96,63254047164,14706,Consumer Durables,Home Furnishings,0.40106952,-2.46753247,HKEX
2607,SHANGHAI PHARMACEUTICALS HOLDING CO,14.28,5.30973451,Strong Buy,3212200,5.30973451,45870216,73225561885,47056,Health Technology,Pharmaceuticals: Major,10.35548686,5.30973451,HKEX
189,DONGYUE GROUP LIMITED,9,-3.84615385,Buy,5031000,-3.84615385,45279000,20405589916,6824,Process Industries,Chemicals: Major Diversified,4.77299185,-3.84615385,HKEX
2601,CHINA PACIFIC INSURANCE (GROUP) CO.,18.06,-2.4838013,Buy,2490134,-2.27272727,44971820.04,245246130118,,Finance,Multi-Line Insurance,2.4971565,-2.4838013,HKEX
1999,MAN WAH HOLDINGS LTD,7.83,-6.11510791,Buy,5708000,-5.32043531,44693640,32674003020,28685,Consumer Durables,Home Furnishings,10.12658228,-6.11510791,HKEX
520,XIABUXIABU CATERING MGT(CHINA)HLDGS,7.84,-3.68550369,Buy,5654500,-4.27350427,44331280,8807375044,28536,Consumer Services,Restaurants,2.75229358,-3.68550369,HKEX
19,SWIRE PACIFIC,64.1,-0.15575857,Strong Buy,689579,-0.07794232,44202013.9,85921194662,32560,Consumer Non-Durables,Beverages: Non-Alcoholic,4.99590672,-0.15575857,HKEX
2689,NINE DRAGONS PAPER HOLDINGS,6.81,2.40601504,Strong Buy,6481000,4.76923077,44135610,31203271370,20098,Process Industries,Containers/Packaging,10.01615509,2.40601504,HKEX
2328,PICC PROPERTY & CASUALTY CO,7.58,-1.43042913,Sell,5709597,-0.26315789,43278745.26,171046863562,171508,Finance,Property/Casualty Insurance,-3.56234097,-1.43042913,HKEX
1385,SHANGHAI FUDAN MICROELECTRONICS GRO,32.2,-0.77041908,Sell,1312000,-3.01204819,42246400.00000001,54957929604,1531,Electronic Technology,Semiconductors,-11.65981038,-0.77041908,HKEX
2238,GUANGZHOU AUTOMOBILE GROUP,5.48,-1.61579892,Sell,7681000,-0.72463768,42091880,115710904605,96989,Consumer Durables,Motor Vehicles,-1.43884892,-1.61579892,HKEX
1530,3SBIO INC,8.33,-1.42011834,Buy,5051000,-1.30331754,42074830,20608243663,5292,Health Technology,Biotechnology,0.96969697,-1.42011834,HKEX
9666,JINKE SMART SERVICES GROUP CO LTD,15.7,-6.6587396,Buy,2648800,-4.84848485,41586160,10980905592,11700,Finance,Real Estate Development,0.77021823,-6.6587396,HKEX
3320,CHINA RESOURCES PHARMACEUTICAL GR,6.76,2.42424242,Strong Buy,6083500,2.42424242,41124460,41464570299,65000,Health Technology,Pharmaceuticals: Major,5.625,2.42424242,HKEX
968,XINYI SOLAR HOLDINGS LIMITED,8.49,-0.23501763,Sell,4810086,1.19189511,40837630.14,75704837378,7072,Electronic Technology,Semiconductors,-5.77136515,-0.23501763,HKEX
9696,TIANQI LITHIUM CORPORATION,66.45,-1.84637674,Buy,598444,-1.84638109,39766603.80000001,158133081821,1773,Process Industries,Chemicals: Specialty,2.23076923,-1.84637674,HKEX
151,WANT WANT CHINA HOLDINGS LTD,5.24,3.3530572,Buy,7424000,5.64516129,38901760,60250500663,,Consumer Non-Durables,Food: Meat/Fish/Dairy,-1.13207547,3.3530572,HKEX
2359,WUXI APPTEC CO LTD,78.3,-0.57142857,Neutral,483625,1.55642023,37867837.5,257688490628,34912,Health Technology,Pharmaceuticals: Major,1.95312102,-0.57142857,HKEX
902,HUANENG POWER INTERNATIONAL INC,3.26,-2.39520958,Strong Sell,11518000,-1.80722892,37548680,102062232949,57513,Utilities,Electric Utilities,-9.44444444,-2.39520958,HKEX
2158,YIDU TECH INC,6.85,0.88365243,Buy,5472706,0.88365243,37488036.1,5758932831,1405,Technology Services,Information Technology Services,32.23938224,0.88365243,HKEX
1099,SINOPHARM GROUP CO. LTD.,20.65,2.48138958,Buy,1812587,2.73631841,37429921.55,62840858886,113234,Health Technology,Pharmaceuticals: Major,11.98480955,2.48138958,HKEX
3808,SINOTRUK (HONG KONG) LTD,10.92,2.63157895,Buy,3419500,3.01886792,37340940,29376968214,28502,Producer Manufacturing,Trucks/Construction/Farm Machinery,7.90513834,2.63157895,HKEX
881,ZHONGSHENG GROUP HOLDINGS LIMITED,40.3,-1.70731707,Buy,921100,-1.70731707,37120330,98955872314,39668,Retail Trade,Specialty Stores,1.25628395,-1.70731707,HKEX
9866,NIO INC,100.7,-5,Buy,361590,0.85127692,36412113,161683629639,,Consumer Durables,Motor Vehicles,15.61423916,-5,HKEX
1458,ZHOU HEI YA INT HLDGS CO LTD,5.18,-6.15942029,Buy,6994000,-5.30164534,36228920,13083607455,4387,Process Industries,Agricultural Commodities/Milling,4.8582996,-6.15942029,HKEX
2357,AVICHINA INDUSTRY & TECHNOLOGY,3.6,-3.48525469,Sell,10027000,-3.48525469,36097200,28763270342,46428,Electronic Technology,Aerospace & Defense,-1.63934426,-3.48525469,HKEX
2,CLP HOLDINGS LTD,56.6,0.44365929,Buy,627955,0.44365572,35542253,142365492165,8116,Utilities,Electric Utilities,0.00000353,0.44365929,HKEX
1209,CHINA RESOURCES MIXC LIFEST SVS LTD,37.35,-5.91939784,Buy,929600,-3.86100386,34720560,90615251741,28654,Finance,Real Estate Development,1.08254124,-5.91939784,HKEX
293,CATHAY PACIFIC AIRWAYS,8.49,0.83135392,Buy,4064158,-0.11764706,34504701.42,54201226136,16721,Transportation,Airlines,5.33498759,0.83135392,HKEX
3888,KINGSOFT CORP,25.15,0.19920319,Buy,1362400,2.65306122,34264360,34087577618.000004,7054,Technology Services,Packaged Software,2.65306122,0.19920319,HKEX
1896,MAOYAN ENTERTAINMENT,9.6,0,Buy,3565600,0,34229760,10982057077,876,Consumer Services,Movies/Entertainment,28.51405622,0,HKEX
2423,KE HOLDINGS INC,39.2,-8.62471288,Sell,864300,-6.66666667,33880560,161280042366,110082,Technology Services,Internet Software/Services,-1.50753521,-8.62471288,HKEX
13,HUTCHMED (CHINA) LIMITED,22.65,1.56951128,Buy,1491000,1.56950673,33771150,19284489190,1759,Health Technology,Pharmaceuticals: Major,5.59440067,1.56951128,HKEX
9901,NEW ORIENTAL ED & TECHNOLOGY GP INC,25.4,-0.39215686,Buy,1323070,-0.39215686,33605978,43334081177,53071,Consumer Services,Other Consumer Services,13.39285714,-0.39215686,HKEX
966,CHINA TAIPING INSURANCE HOLDINGS CO,9.91,0,Strong Buy,3380800,1.74537988,33503728,35616723329,68446,Finance,Multi-Line Insurance,25.12626263,0,HKEX
2600,ALUMINUM CORP OF CHINA(CHALCO),3.44,-3.64145658,Buy,9736000,-3.09859155,33491840,86634671118,60056,Distribution Services,Wholesale Distributors,5.19877676,-3.64145658,HKEX
1368,XTEP INTERNATIONAL HLDGS LTD,9.9,-1.59045726,Buy,3382500,-1.59045726,33486750,25232028367,8500,Consumer Non-Durables,Apparel/Footwear,12.75626424,-1.59045726,HKEX
916,CHINA LONGYUAN POWER GROUP CORP LTD,8.95,-1.64835165,Strong Sell,3739432,-1.86403509,33467916.4,138668837848,8053,Utilities,Alternative Power Generation,-5.98740483,-1.64835165,HKEX
1316,NEXTEER AUTOMOTIVE GROUP LIMITED,4.8,-4,Strong Sell,6952000,-3.03030303,33369600,12549121094,11900,Producer Manufacturing,Auto Parts: OEM,-6.0665362,-4,HKEX
1799,XINTE ENERGY CO LTD,15.84,-0.62735257,Sell,2094015,-0.50251256,33169197.6,22794199238,5774,Electronic Technology,Semiconductors,-13.06256383,-0.62735257,HKEX
2252,SHANGHAI MICROPORT MEDBOT (GROUP) C,36.75,3.52112676,Strong Buy,889786,2.65363128,32699635.5,34030082269,,Health Technology,Medical Specialties,22.909699,3.52112676,HKEX
1193,CHINA RESOURCES GAS GROUP LTD.,30.95,-1.74603175,Buy,1051900,-1.74603175,32556305,71448790649,52354,Utilities,Gas Distributors,12.54545455,-1.74603175,HKEX
2669,CHINA OVERSEAS PROPERTY HLDGS LTD,8.25,-6.98985344,Buy,3800000,-3.16901408,31350000,29154453108,52220,Finance,Real Estate Development,-4.4032445,-6.98985344,HKEX
425,MINTH GRP,20.8,-1.18764376,Buy,1502000,0,31241600,24214146626,19359,Consumer Durables,Motor Vehicles,-0.71599519,-1.18764376,HKEX
1800,CHINA COMMUNICATIONS CONSTRUCTION,3.92,-1.01010101,Buy,7838000,-1.50753769,30724960,136591607068.99998,136772,Industrial Services,Engineering & Construction,2.61780105,-1.01010101,HKEX
6049,POLY PROPERTY SERVICES CO LTD,47.65,-4.02820125,Buy,640400,-1.85375901,30515060,27473004380,44415,Finance,Real Estate Development,3.58695652,-4.02820125,HKEX
123,YUEXIU PROPERTY CO LTD,9.62,-0.82474227,Strong Buy,3119916,0.94438615,30013591.92,29870197411,16320,Finance,Real Estate Development,-2.23577236,-0.82474227,HKEX
2150,NAYUKI HOLDINGS LIMITED,7.13,-6.18421053,Buy,4174000,-5.31208499,29760620,13034958186,10671,Consumer Non-Durables,Food: Major Diversified,15.74675325,-6.18421053,HKEX
1882,HAITIAN INTERNATIONAL HOLDINGS LTD,19.92,-2.35294118,Buy,1488000,-3.53510896,29640960.00000001,32558399391,,Producer Manufacturing,Industrial Machinery,-0.89552239,-2.35294118,HKEX
3347,HANGZHOU TIGERMED CONSULTING CO LTD,77,1.44927269,Buy,373400,1.44927536,28751800,80944410799,8326,Commercial Services,Miscellaneous Commercial Services,4.47761619,1.44927269,HKEX
3311,CHINA STATE CONSTRUCTION INTL HLDG,8.47,-1.51162791,Sell,3392000,-1.51162791,28730240.00000001,43323505535,,Industrial Services,Engineering & Construction,-9.41176471,-1.51162791,HKEX
135,KUNLUN ENERGY COMPANY LIMITED,5.88,-1.6722408,Buy,4831500,0.34129693,28409220,51779634677,32136,Utilities,Gas Distributors,-2,-1.6722408,HKEX
839,CHINA EDUCATION GP HLDGS LTD,8.36,-6.48769575,Buy,3387000,-5.53672316,28315320,21305337301,,Commercial Services,Miscellaneous Commercial Services,1.33333333,-6.48769575,HKEX
9869,HELENS INTL HLDGS CO LTD,14.74,-0.53981107,Buy,1919742,-0.53981107,28296997.08,18775479684,7779,Consumer Services,Restaurants,-2.38410596,-0.53981107,HKEX
6030,CITIC SECURITIES CO LTD,16.06,-1.83374683,Buy,1728612,-1.83374083,27761508.72,319320486040,23696,Finance,Investment Banks/Brokers,3.21336761,-1.83374683,HKEX
6060,ZHONGAN ONLINE P & C INS CO LTD,21.85,-2.67261013,Buy,1267692,-0.2283105,27699070.20000001,32997299968,3791,Finance,Multi-Line Insurance,8.70646766,-2.67261013,HKEX
1336,NEW CHINA LIFE INSURANCE CO LTD,19.06,-2.85423533,Buy,1449600,-1.24352332,27629376,91565789325,34434,Finance,Multi-Line Insurance,4.61032407,-2.85423533,HKEX
1186,CHINA RAILWAY CONSTRUCTION CORP,5.11,0.39292731,Buy,5297500,0.78895464,27070225,123581030224,267760,Industrial Services,Engineering & Construction,7.1278826,0.39292731,HKEX
2171,CARSGEN THERAPEUTICS HLDGS LTD,16.32,2.12765957,Buy,1656500,2.12765957,27034080,9146845816,573,Health Technology,Pharmaceuticals: Major,18.26086957,2.12765957,HKEX
4,WHARF(HLDGS),22.8,0.00000439,Neutral,1175806,1.10864745,26808376.8,69677421106,6200,Finance,Real Estate Development,8.31354434,0.00000439,HKEX
322,TINGYI(CAYMAN ISLANDS)HLDG CORP,13.66,0.44117647,Buy,1952018,0.88626292,26664565.88,76624640040,62107,Consumer Non-Durables,Beverages: Non-Alcoholic,7.05329154,0.44117647,HKEX
1513,LIVZON PHARMACEUTICAL GROUP INC,26.95,4.05405405,Buy,988300,2.08333333,26634685,33413110127,8580,Health Technology,Pharmaceuticals: Major,-0.91912129,4.05405405,HKEX
6110,TOPSPORTS INTERNATIONAL HOLD,5.97,-0.83056478,Buy,4444000,2.57731959,26530680,37331357333,40913,Retail Trade,Apparel/Footwear Retail,20.12072435,-0.83056478,HKEX
66,MTR CORPORATION LTD,38.35,-0.90439533,Buy,689290,-0.38961039,26434271.5,239789569815,31968,Transportation,Other Transportation,2.1304954,-0.90439533,HKEX
390,CHINA RAILWAY GROUP LIMITED,4.49,-0.66371681,Buy,5884903,0.67264574,26423214.47000001,159187608085,294013,Industrial Services,Engineering & Construction,2.27790433,-0.66371681,HKEX
1910,SAMSONITE INTL SA,20.9,2.7027027,Strong Buy,1254285,4.2394015,26214556.5,29272201190,9100,Consumer Durables,Other Consumer Specialties,0.48077406,2.7027027,HKEX
8446,IN TECHNICAL PRODUCTIONS HLDS LTD,9.22,2.55839822,Buy,2814000,3.2474804,25945080,7191999817,45,Producer Manufacturing,Miscellaneous Manufacturing,22.60638298,2.55839822,HKEX
867,CHINA MEDICAL SYSTEM HLDGS LTD,13.32,0.90909091,Buy,1912000,1.36986301,25467840,32366248067,5292,Health Technology,Pharmaceuticals: Major,17.66784452,0.90909091,HKEX
2186,LUYE PHARMA GROUP LIMITED,3.41,-1.15942029,Buy,7369500,-1.44508671,25129995,12018945247,4845,Health Technology,Pharmaceuticals: Major,12.17105263,-1.15942029,HKEX
9688,ZAI LAB LIMITED,28,-6.82196029,Buy,879300,-3.11418685,24620400,29420743009,1951,Health Technology,Biotechnology,2.94117269,-6.82196029,HKEX
12,HENDERSON LAND DEVELOPMENT CO,26.05,-1.69811321,Buy,912254,-0.57251908,23764216.7,128296760986,10059,Finance,Real Estate Development,1.36186376,-1.69811321,HKEX
316,ORIENT OVERSEAS INT,137.4,-0.36257436,Neutral,170000,1.02941176,23358000,91065472800,10678,Transportation,Marine Shipping,-6.01915185,-0.36257436,HKEX
288,WH GROUP LIMITED,4.59,-0.86393089,Buy,5080760,-0.86393089,23320688.4,59403918802,107000,Consumer Non-Durables,Food: Meat/Fish/Dairy,0.43763676,-0.86393089,HKEX
855,CHINA WATER AFFAIR GROUP LTD,6.35,3.25203252,Buy,3622000,1.6,22999700,10038782840,11000,Utilities,Water Utilities,0.31595577,3.25203252,HKEX
412,SHANDONG HI-SPEED HOLDINGS GP LTD,5.11,-3.76647834,Buy,4488036,0,22933863.96,31963179075,163,Finance,Finance/Rental/Leasing,-1.16054159,-3.76647834,HKEX
101,HANG LUNG PROPERTIES (HLP),14.64,-2.4,Buy,1559132,-3.8107753,22825692.48,67488911133,,Finance,Real Estate Development,1.80806676,-2.4,HKEX
1755,S-ENJOY SERVICE GRP CO LTD,10.38,-5.63636364,Buy,2177000,0,22597260,9577469177,21073,Finance,Real Estate Development,21.40350877,-5.63636364,HKEX
1179,H WORLD GROUP LIMITED,33.3,-4.72103277,Buy,677800,-2.05882353,22570740,111393357473,24384,Consumer Services,Hotels/Resorts/Cruise lines,7.59288828,-4.72103277,HKEX
2208,XINJIANG GOLDWIND SCIENCE&TECHNOLOG,7.83,-0.63451777,Strong Sell,2878980,-0.76045627,22542413.4,50096164590,10781,Producer Manufacturing,Electrical Products,-6.67461263,-0.63451777,HKEX
1378,CHINA HONGQIAO GROUP LTD,7.36,-1.99733688,Buy,2958500,-1.86666667,21774560,71161293194,42650,Non-Energy Minerals,Aluminum,1.79806362,-1.99733688,HKEX
2057,ZTO EXPRESS (CAYMAN) INC,203.2,-1.26336249,Buy,104750,-1.26336249,21285200,166643078089,23865,Transportation,Air Freight/Couriers,4.90449148,-1.26336249,HKEX
3993,CMOC GROUP LIMITED,3.79,-2.31958763,Buy,5488338,0.26455026,20800801.02,113924942422,11472,Distribution Services,Wholesale Distributors,4.98614958,-2.31958763,HKEX
1898,CHINA COAL ENERGY COMPANY,6.65,-0.29985007,Sell,3122822,0.15060241,20766766.3,123148346461,45474,Energy Minerals,Coal,-7.12290503,-0.29985007,HKEX
6821,ASYMCHEM LABORATORIES (TIANJIN) CO,98.95,2.01030928,Buy,207100,2.5388601,20492545,54393849640,7126,Health Technology,Pharmaceuticals: Major,4.70899471,2.01030928,HKEX
694,BEIJING CAPITAL INT AIRPORT,5.57,-1.59010601,Buy,3663000,-1.06571936,20402910,25918152388,1567,Transportation,Other Transportation,10.73558648,-1.59010601,HKEX
2500,VENUS MEDTECH (HANGZHOU) INC,15.56,5.99455041,Buy,1305000,4.01069519,20305800,6474048395,905,Health Technology,Medical Specialties,21.75273865,5.99455041,HKEX
2273,GUSHENGTANG HLDGS LTD,46.1,-0.96670034,Buy,439300,-1.28479657,20251730,10724954751,1661,Technology Services,Internet Software/Services,9.11242604,-0.96670034,HKEX
6699,ANGELALIGN TECHNOLOGY INC,112.2,-3.69098712,Buy,180400,-5.71428571,20240880,19660363373,2034,Health Technology,Medical Specialties,16.08897846,-3.69098712,HKEX
3990,MIDEA REAL ESTATE HLDG LTD,12.18,-2.40384615,Buy,1582000,-0.49019608,19268760,16915540980.999998,14908,Finance,Real Estate Development,10.12658228,-2.40384615,HKEX
1114,BRILLIANCE CHINA AUTOMOTIVE HLDGS,4.31,-1.82232346,Sell,4434000,-2.04545455,19110540,22148732569,,Consumer Durables,Motor Vehicles,-3.14606742,-1.82232346,HKEX
1415,COWELL E HOLDINGS INC,10.88,0,Sell,1722956,0,18745761.28,9114750643,2885,Electronic Technology,Electronic Components,-13.92405063,0,HKEX
345,VITASOY INTERNATIONAL HOLDINGS,16.4,2.37203496,Strong Buy,1134000,2.5,18597600,17154232917.000002,,Consumer Non-Durables,Food: Major Diversified,15.33052039,2.37203496,HKEX
3898,ZHUZHOU CRRC TIMES ELECTRIC CO LTD,37.75,-1.30718954,Buy,488100,-1.30718954,18425775,100259488047,7733,Producer Manufacturing,Electrical Products,5.15319748,-1.30718954,HKEX
9956,ANE (CAYMAN) INC.,4.6,6.72853828,Strong Buy,3912000,6.72853828,17995200,5010829504,4680,Transportation,Other Transportation,64.28571429,6.72853828,HKEX
357,HAINAN MEILAN INTL AIRPORT CO LTD,24.05,-2.23577236,Buy,746410,-0.20746888,17951160.5,11641039467,1153,Transportation,Other Transportation,13.17647059,-2.23577236,HKEX
667,CHINA EAST EDUCATION HLDGS LTD,5.24,-7.09219858,Buy,3389000,-11.63575042,17758360,12270181848,12322,Commercial Services,Miscellaneous Commercial Services,16.44444444,-7.09219858,HKEX
1515,CHINA RES MED HLDGS CO LTD,5.77,-1.02915952,Buy,3050000,-1.19863014,17598500,7481706795,8454,Health Services,Hospital/Nursing Management,17.27642276,-1.02915952,HKEX
1066,SHANDONG WEIGAO GROUP MEDICAL,11.6,-0.34364261,Buy,1503200,1.22164049,17437120,52639946396,11123,Health Technology,Medical Specialties,2.29276896,-0.34364261,HKEX
2018,AAC TECHNOLOGIES HOLDINGS INC,17.88,-0.33445372,Buy,968100,0.4494382,17309628,21613215643,37591,Electronic Technology,Electronic Production Equipment,-0.44542876,-0.33445372,HKEX
2338,WEICHAI POWER CO,10.68,-1.47601476,Buy,1618200,-0.18691589,17282376,103968726954,42953,Producer Manufacturing,Auto Parts: OEM,3.48837209,-1.47601476,HKEX
6881,CHINA GALAXY SECURITIES CO,3.94,-1.5,Buy,4370546,-1.5,17219951.24,87410529957,12661,Finance,Investment Banks/Brokers,2.07253886,-1.5,HKEX
3328,BANK OF COMMUNICATIONS CO LTD,4.39,-0.67873303,Buy,3861245,-0.67873303,16950865.55,364049622332,90238,Finance,Regional Banks,-0.45351474,-0.67873303,HKEX
763,ZTE CORPORATION,17.88,-0.11173184,Buy,937555,1.01694915,16763483.4,131648534898.99998,72584,Electronic Technology,Telecommunications Equipment,5.54899023,-0.11173184,HKEX
522,ASMPT LTD,56.6,-0.52724427,Neutral,293446,2.62919311,16609043.6,23326892575,11700,Electronic Technology,Electronic Production Equipment,-1.39373166,-0.52724427,HKEX
3998,BOSIDENG INTERNATIONAL HLDGS,3.82,-2.05128205,Neutral,4264000,-2.05128205,16288480,42142578374,10118,Consumer Non-Durables,Apparel/Footwear,-0.52083333,-2.05128205,HKEX
9909,POWERLONG COMMERCIAL MGT HLDGS LTD,8.01,-6.64335664,Buy,2021000,0.37593985,16188210,5516082160,6886,Finance,Real Estate Development,65.83850932,-6.64335664,HKEX
586,CHINA CONCH VENTURE HLDGS LIMITED,17.24,-1.59817352,Buy,935222,-5.79234973,16123227.28,31763497773,7090,Producer Manufacturing,Industrial Machinery,-2.81848929,-1.59817352,HKEX
3669,CHINA YONGDA AUTOMOBILES SER,5.56,-2.28471002,Buy,2876500,-4.95726496,15993340,11188562730,16697,Retail Trade,Specialty Stores,14.87603306,-2.28471002,HKEX
6855,ASCENTAGE PHARMA GROUP INTL,25,-1.96078431,Buy,639500,-1.96078431,15987500,6682695694,613,Health Technology,Biotechnology,13.89521121,-1.96078431,HKEX
6865,FLAT GLASS GROUP CO LTD,19.48,0.82815735,Sell,817055,0.51599587,15916231.4,75616338478,5679,Process Industries,Industrial Specialties,-3.32506203,0.82815735,HKEX
165,CHINA EVERBRIGHT LIMITED,5.96,2.22984563,Buy,2652000,3.47222222,15805920,9825029433,282,Finance,Investment Managers,9.96309963,2.22984563,HKEX
3692,HANSOH PHARMACEUTICAL GROUP CO LTD,15.28,-1.03626943,Buy,1028000,3.10391363,15707840,91441083023,12150,Health Technology,Pharmaceuticals: Major,3.52303523,-1.03626943,HKEX
9969,INNOCARE PHARMA LTD,12.94,-1.22137405,Buy,1211998,-1.22137405,15683254.12,20097764320,721,Health Technology,Pharmaceuticals: Major,21.84557439,-1.22137405,HKEX
1268,CHINA MEIDONG AUTO HOLDINGS LIMITED,16.42,-2.37812128,Buy,948000,-1.20336943,15566160,21471947171,5076,Retail Trade,Specialty Stores,11.24661247,-2.37812128,HKEX
6989,EXCELLENCE COML PTY & FACS MGT GP L,4.17,-7.33333333,Buy,3568400,-3.24825986,14880228,5491566101,12205,Finance,Real Estate Development,15.83333333,-7.33333333,HKEX
546,FUFENG GROUP LTD,5.24,0,Buy,2828000,0.76923077,14818720,13288319595,15000,Consumer Non-Durables,Food: Specialty/Candy,5.85858586,0,HKEX
590,LUK FOOK HLDGS,21.8,1.1600975,Buy,672000,1.39534884,14649600,12652172385,6000,Retail Trade,Specialty Stores,15.71125265,1.1600975,HKEX
1038,CK INFRASTRUCTURE HOLDINGS LIMITED,40.3,-0.61652036,Buy,359348,-0.61652281,14481724.4,96855524459,2365,Utilities,Electric Utilities,2.54453187,-0.61652036,HKEX
2245,LYGEND RESOURCES & TECHNOLOGY CO,15.82,2.86085826,Buy,914000,3.26370757,14459480,20267300000,,Distribution Services,Wholesale Distributors,63180,2.86085826,HKEX
826,TIANGONG INTERNATIONAL CO LTD,3.1,0,Buy,4564000,1.63934426,14148400,8633499734,3108,Producer Manufacturing,Industrial Machinery,-2.20820189,0,HKEX
2138,EC HEALTHCARE,7.37,-3.2808399,Buy,1911000,-4.28571429,14084070,9000974176,2925,Health Services,Medical/Nursing Services,37.24394786,-3.2808399,HKEX
336,HUABAO INTERNATIONAL HOLDINGS LTD,4.49,2.04545455,Buy,3132000,2.04545455,14062680,14211679117,3583,Consumer Non-Durables,Food: Specialty/Candy,9.7799511,2.04545455,HKEX
1044,HENGAN INTERNATIONAL,37.25,-0.40107484,Buy,375500,-0.26773762,13987375,43463321549,23000,Consumer Non-Durables,Household/Personal Care,3.61613064,-0.40107484,HKEX
2602,ONEWO INC,53.9,-1.55251142,Buy,259438,-1.01010101,13983708.2,6390090000,,Finance,Real Estate Development,23.90804598,-1.55251142,HKEX
1908,C&D INTERNATIONAL INVESTMENT GP LTD,20.3,-2.40384146,Buy,684000,3.3604888,13885200,34070832929.999996,2672,Finance,Real Estate Development,10.80786026,-2.40384146,HKEX
3759,PHARMARON BEIJING CO LTD,47.4,-2.66940652,Buy,291500,-2.56937307,13817100,79906506121,14923,Commercial Services,Miscellaneous Commercial Services,6.75675195,-2.66940652,HKEX
1558,YICHANG HEC CHANGJIANG PHARMACTL CO,7.94,7.73405699,Buy,1731600,5.02645503,13748904,6485361850,3616,Health Technology,Pharmaceuticals: Major,24.45141066,7.73405699,HKEX
998,CHINA CITIC BANK CORPORATION LTD,3.42,-1.15606936,Buy,3987592,-0.86956522,13637564.64,246422608182,55419,Finance,Major Banks,-1.15606936,-1.15606936,HKEX
6823,HKT TRUST AND HKT LTD,9.43,-0.52742616,Sell,1440130,0.31914894,13580425.9,71855957097,15400,Communications,Major Telecommunications,-0.52742616,-0.52742616,HKEX
1821,ESR GROUP LIMITED,16.82,-3.11060466,Sell,807000,-3.11059908,13573740,76940056729,639,Finance,Real Estate Development,-4.64852067,-3.11060466,HKEX
1818,ZHAOJIN MINING INDUSTRY COMPANY LTD,8.56,-1.49597238,Buy,1557000,-1.15473441,13327920,28419714032,6896,Non-Energy Minerals,Precious Metals,-1.04046243,-1.49597238,HKEX
1776,GF SECURITIES CO LTD,11.22,-0.88339223,Buy,1154200,-0.35523979,12950124,127746972295,13174,Finance,Investment Banks/Brokers,-0.88339223,-0.88339223,HKEX
358,JIANGXI COPPER CO,11.56,-3.50584307,Buy,1115017,-2.19966159,12889596.52,58653591886,26166,Non-Energy Minerals,Other Metals/Minerals,2.30088496,-3.50584307,HKEX
1888,KINGBOARD LAMINATES HOLDINGS LTD,8.39,-3.673938,Buy,1520500,-3.2295271,12756995,27175200119,9900,Producer Manufacturing,Electrical Products,2.56723716,-3.673938,HKEX
656,FOSUN INTERNATIONAL,6.5,1.40405616,Buy,1948898,1.40405616,12667837,52562743661,96000,Finance,Multi-Line Insurance,9.42760943,1.40405616,HKEX
3606,FUYAO GLASS INDUSTRY GROUP CO. LTD.,33.8,-1.45772307,Buy,362000,-0.58823529,12235600,105605178610,26532,Consumer Durables,Home Furnishings,-0.87975958,-1.45772307,HKEX
6608,BAIRONG INC,10.5,-2.5974026,Buy,1164000,-1.68539326,12222000,8979100827,1296,Technology Services,Internet Software/Services,25,-2.5974026,HKEX
267,CITIC LIMITED,7.85,-0.38071066,Buy,1503000,0,11798550,229231281063,136637,Finance,Finance/Rental/Leasing,-1.75219024,-0.38071066,HKEX
6055,CHINA TOBACCO INTL (HK) CO LTD,11.84,0.33898305,Buy,991000,0.33898305,11733440,8161824046,30,Consumer Non-Durables,Tobacco,16.765286,0.33898305,HKEX
1766,CRRC CORPORATION LIMITED,3.15,-0.63091483,Buy,3705000,0,11670750,159930915974,160656,Producer Manufacturing,Trucks/Construction/Farm Machinery,-1.5625,-0.63091483,HKEX
2128,CHINA LESSO GROUP HOLDINGS LTD,8.83,-3.81263617,Neutral,1319000,-3.07354555,11646770,28269145300,20400,Producer Manufacturing,Miscellaneous Manufacturing,-6.95468915,-3.81263617,HKEX
1157,ZOOMLION HEAVY IND SC&TH CO LTD,3.9,-2.5,Buy,2975600,0,11604840,53784480756,26036,Producer Manufacturing,Industrial Machinery,7.43801653,-2.5,HKEX
3899,CIMC ENRIC HOLDINGS LIMITED,7.5,-3.22580645,Sell,1526000,-2.97542044,11445000,15719151306,9900,Producer Manufacturing,Industrial Machinery,-10.39426523,-3.22580645,HKEX
2666,GENERTEC UNIVERSAL MED GP CO LTD,4.69,0.21367521,Buy,2422500,0.21367521,11361525,8852405344,15242,Finance,Finance/Rental/Leasing,9.83606557,0.21367521,HKEX
392,BEIJING ENTERPRISE HLDGS,24.75,0,Buy,458959,0.20242915,11359235.25,31216019073,37000,Utilities,Gas Distributors,0.20242509,0,HKEX
587,CHINA CONCH ENVIRONMENT PROTECTION,3.32,1.2195122,Buy,3397777,0.9118541,11280619.64,5991790000,3445,Commercial Services,Miscellaneous Commercial Services,-1.19047619,1.2195122,HKEX
1972,SWIRE PROPERTIES LTD,19.4,-0.20576645,Buy,580993,-0.30832477,11271264.2,113724003124,5000,Finance,Real Estate Development,10.98398169,-0.20576645,HKEX
3613,BEIJING TONG REN TANG CHINESE MEDIC,11.74,1.55709343,Strong Buy,955000,1.55709343,11211700,9676876069,745,Health Technology,Pharmaceuticals: Major,16.46825397,1.55709343,HKEX
3668,YANCOAL AUSTRALIA LTD,29.85,0,Buy,375500,-0.6655574,11208675,40017030322.84649,3196,Energy Minerals,Coal,0.67453626,0,HKEX
83,SINO LAND CO,10.02,-2.52918288,Buy,1096082,0.2,10982741.64,82869773336,7000,Finance,Real Estate Development,3.19258496,-2.52918288,HKEX
2869,GREENTOWN SERVICE GROUP CO LTD,5.53,-5.95238095,Buy,1984000,-5.95238095,10971520,19109881222,37639,Finance,Real Estate Development,3.55805243,-5.95238095,HKEX
636,KERRY LOGISTICS NETWORK LIMITED,15.16,4.6961326,Buy,684000,4.26409904,10369440,26171512112,51400,Transportation,Air Freight/Couriers,10.81871345,4.6961326,HKEX
696,TRAVELSKY TECHNOLOGY,15.74,-1.625,Buy,628054,-1.625,9885569.96,46819353612,6608,Technology Services,Information Technology Services,0.25477707,-1.625,HKEX
2099,CHINA GOLD INTERNATIONAL RESOURC CP,23.15,1.53509217,Buy,421009,1.98237885,9746358.35,9081175658.72498,2169,Non-Energy Minerals,Other Metals/Minerals,5.70776256,1.53509217,HKEX
1992,FOSUN TOURISM GROUP,10.94,-4.20315236,Buy,875200,-3.35689046,9574688,13733532892,10263,Consumer Services,Other Consumer Services,24.74342933,-4.20315236,HKEX
1313,CHINA RESOURCES CEMENT HLDGS,4.35,-2.24719101,Buy,2188443,-2.02702703,9519727.05,31074070543,19491,Non-Energy Minerals,Construction Materials,3.32541568,-2.24719101,HKEX
6869,YANGTZE OPTICAL FIBRE AND CABLE JSC,14.32,1.41643059,Buy,663500,2.13980029,9501320,20508013458,2806,Electronic Technology,Telecommunications Equipment,0.56179775,1.41643059,HKEX
2638,HK ELEC INVS&HK ELEC INVS LTD,5.36,-2.01096892,Sell,1761001,-2.01096892,9438965.36,48334013214,1699,Utilities,Electric Utilities,-7.10571924,-2.01096892,HKEX
9959,LINKLOGIS INC,4.48,-2.18340611,Buy,2106500,-4.88322718,9437120,10528295057,910,Technology Services,Information Technology Services,14.28571429,-2.18340611,HKEX
1212,LIFESTYLE INTERNATIONAL HLDGS,4.98,0,Buy,1871514,0,9320139.72,7479541786,675,Retail Trade,Department Stores,0,0,HKEX
8,PCCW LIMITED,3.57,0.28089888,Buy,2598344,0,9276088.08,27534032116,20600,Communications,Major Telecommunications,5,0.28089888,HKEX
257,CHINA EVERBRIGHT ENVIRONMENT GRP LT,3.43,-1.71919771,Buy,2696000,-0.86705202,9247280,21438984854,11330,Industrial Services,Engineering & Construction,-3.92156863,-1.71919771,HKEX
6886,HUATAI SECURITIES CO LTD,9.05,-1.63043478,Buy,1008600,-1.30861505,9127830,124762000172,14372,Finance,Investment Banks/Brokers,0.44395117,-1.63043478,HKEX
6099,CHINA MERCHANTS SECURITIES CO LTD,7.86,-2.36024845,Buy,1098800,-2.36024845,8636568,125746265132,12005,Finance,Investment Banks/Brokers,2.61096606,-2.36024845,HKEX
152,SHENZHEN INTERNATIONAL HLDGS,7.32,-0.94722598,Buy,1172682,-1.48048452,8584032.24,17645910602,8790,Transportation,Other Transportation,1.94986072,-0.94722598,HKEX
6100,TONGDAO LIEPIN GROUP,9.49,-3.94736842,Buy,870600,-3.94736842,8261994,5116735313,5789,Commercial Services,Personnel Services,20.12658228,-3.94736842,HKEX
6127,JOINN LABORATORIES (CHINA) CO LTD,37.05,-3.1372549,Sell,220792,-1.72413793,8180343.6,33225458269.000004,2140,Health Technology,Biotechnology,2.48962089,-3.1372549,HKEX
2314,LEE & MAN PAPER MANUFACTURING LTD,3.29,2.17391304,Buy,2482000,2.17391304,8165780,13876799235,11000,Process Industries,Pulp & Paper,9.30232558,2.17391304,HKEX
9863,ZHEJIANG LEAPMOTOR TECHNOLOGY CO,28.7,-6.36215334,Buy,284300,-3.04054054,8159410,35023900000,3190,Consumer Durables,Motor Vehicles,28.125,-6.36215334,HKEX
1072,DONGFANG ELECTRIC CORPORATION LTD.,12.92,-1.22324159,Neutral,624800,-1.0719755,8072416,69324967347,16969,Producer Manufacturing,Electrical Products,-7.44985673,-1.22324159,HKEX
6066,CSC FINANCIAL CO LTD,7.02,-1.81818182,Buy,1124000,-0.98730606,7890480,195662272075,11778,Finance,Investment Managers,2.03488372,-1.81818182,HKEX
754,HOPSON DEVELOPMENT HLDGS,9.68,-2.71356784,Buy,799800,-2.81124498,7742064,28587709804,11775,Finance,Real Estate Development,9.00900901,-2.71356784,HKEX
187,BEIJING JINGCHENG MACHINERY ELC CO,3.38,-4.78873239,Neutral,2228000,-5.84958217,7530640,8108630026,1264,Producer Manufacturing,Industrial Machinery,-2.31213873,-4.78873239,HKEX
1119,IDREAMSKY TECHNOLOGY HLDGS LTD,3.94,-2.71604938,Buy,1882800,2.33766234,7418232,5715911310,1113,Technology Services,Packaged Software,-0.75566751,-2.71604938,HKEX
1735,CENTRAL HOLDING GROUP CO,17.64,-1.78173173,Buy,404000,-1.34228188,7126560,18965759033,468,Industrial Services,Engineering & Construction,10.8040201,-1.78173173,HKEX
3633,ZHONGYU ENERGY HOLDINGS LTD,5.63,0.35650624,Neutral,1254000,-1.22807018,7060020,15897799443,4876,Utilities,Gas Distributors,-2.42634315,0.35650624,HKEX
6606,NEW HORIZON HEALTH LTD,19.6,-1.01009601,Neutral,341000,-1.01010101,6683600,8513840150,462,Health Services,Medical/Nursing Services,-4.62286641,-1.01009601,HKEX
9979,GREENTOWN MGMT HLDGS CO LTD,6.22,-2.8125,Buy,1056000,-0.48,6568320,12634681438,1462,Commercial Services,Miscellaneous Commercial Services,-9.59302326,-2.8125,HKEX
956,CHINA SUNTIEN GREEN ENERGY CORP LTD,3.16,-1.25,Sell,2068000,-1.25,6534880,33451400630.999996,2489,Utilities,Gas Distributors,-2.16718266,-1.25,HKEX
1789,AK MEDICAL HLDGS LTD,8.59,2.26190476,Buy,759000,4.50121655,6519810,9355734390,908,Health Technology,Medical Specialties,11.70351105,2.26190476,HKEX
2611,GUOTAI JUNAN SECURITIES CO LTD,9.07,-1.52008686,Buy,697200,-1.62689805,6323604,131935684102,13341,Finance,Investment Banks/Brokers,-0.220022,-1.52008686,HKEX
751,SKYWORTH GROUP LTD,3.09,-2.52365931,Buy,2028000,-2.83018868,6266520,8195088685.999999,34000,Electronic Technology,Telecommunications Equipment,4.74576271,-2.52365931,HKEX
6655,HUAXIN CEMENT CO LTD,8.92,1.36363636,Strong Buy,694500,1.36363636,6194940,30018698044,16283,Non-Energy Minerals,Construction Materials,8.25242718,1.36363636,HKEX
3309,C-MER EYE CARE HLDGS LTD,4.98,0,Buy,1232000,0.60606061,6135360,6307463037,1461,Health Services,Medical/Nursing Services,22.66009852,0,HKEX
144,CHINA MERCHANTS PORT HLDGS LTD,11.48,0.34965035,Buy,532260,0.17452007,6110344.8,45798700488,8495,Transportation,Other Transportation,1.2345679,0.34965035,HKEX
6660,AIM VACCINE CO LTD,23.05,-7.8,Sell,258800,-5.91836735,5965340,30242800000,1578,Health Technology,Biotechnology,3.59550562,-7.8,HKEX
1108,LUOYANG GLASS CO,8.81,-3.08030803,Sell,664811,-2.11111111,5856984.91,11700363012,3857,Consumer Durables,Home Furnishings,-6.47558386,-3.08030803,HKEX
1112,HEALTH & HAPPINESS (H&H) INTL HLDGS,13.84,-0.28818444,Buy,421000,-0.57471264,5826640,8955529581,3315,Consumer Non-Durables,Food: Meat/Fish/Dairy,47.23404255,-0.28818444,HKEX
6837,HAITONG SECURITIES CO LTD,4.93,-1.79282869,Buy,1123200,-1.98807157,5537376,115536244407,11631,Finance,Investment Banks/Brokers,2.70833333,-1.79282869,HKEX
3396,LEGEND HOLDINGS CORPORATION,8.4,0,Buy,644600,0.5988024,5414640,19792338778,88000,Finance,Financial Conglomerates,5.52763819,0,HKEX
9997,KANGJI MEDICAL HLDGS LTD,8.34,1.33657351,Buy,642500,0.72463768,5358450,9901524304,725,Health Technology,Medical Specialties,6.51340996,1.33657351,HKEX
683,KERRY PROPERTIES LTD,16.56,-1.89572879,Buy,321000,-1.54577883,5315760,24498040452,7600,Finance,Real Estate Development,11.29032258,-1.89572879,HKEX
6639,ARRAIL GROUP LTD,8.96,-2.60869565,Buy,591500,-9.85915493,5299840,5350645543,3336,Health Services,Medical/Nursing Services,25.31468531,-2.60869565,HKEX
1478,Q TECHNOLOGY GROUP CO LTD,4.51,-6.43153527,Buy,1163000,-6.23700624,5245130,5709475543,12880,Electronic Technology,Electronic Components,12.75,-6.43153527,HKEX
327,PAX GLOBAL TECHNOLOGY LIMITED,6.55,-3.39233038,Sell,793000,-3.39233038,5194150,7320331448,1654,Electronic Technology,Computer Processing Hardware,-1.5037594,-3.39233038,HKEX
2877,CHINA SHINEWAY PHARMACEUTICAL GR,7.81,3.44370861,Strong Buy,648000,5.68335589,5060880,5703270328,3674,Health Technology,Pharmaceuticals: Other,10.9375,3.44370861,HKEX
1860,MOBVISTA INC,4.4,1.61662818,Buy,1149000,3.52941176,5055600,7001469278,925,Technology Services,Packaged Software,8.91089109,1.61662818,HKEX
710,BOE VARITRONIX LTD,13.1,-3.10650888,Sell,383000,-2.96296296,5017300,10695540001,3725,Electronic Technology,Electronic Production Equipment,-6.96022727,-3.10650888,HKEX
1907,CHINA RISUN GRP LTD,3.14,-1.875,Buy,1584000,-1.875,4973760,14162412711,7678,Energy Minerals,Oil & Gas Production,-1.56739812,-1.875,HKEX
87,SWIRE PACIFIC,9.89,-2.07920792,Buy,502500,-1.29740519,4969725,85921194662,32560,Consumer Non-Durables,Beverages: Non-Alcoholic,5.54962647,-2.07920792,HKEX
3931,CALB CO LTD,20,-5.21327014,Sell,248400,-2.91262136,4968000,37395600000,3222,Producer Manufacturing,Electrical Products,3.41261634,-5.21327014,HKEX
3709,EEKA FASHION HLDGS LTD,10.22,-0.96899225,Buy,482000,-1.35135135,4926040,7036864128,10335,Retail Trade,Apparel/Footwear Retail,2.2,-0.96899225,HKEX
1691,JS GLOBAL LIFESTYLE COMPANY LTD,9.5,-3.74873354,Buy,518000,-2.26337449,4921000,34491823047,5582,Consumer Durables,Electronics/Appliances,9.57324106,-3.74873354,HKEX
3799,DALI FOODS GROUP COMPANY LIMITED,3.63,-0.54794521,Buy,1275000,-0.54794521,4628250,49983532605,40745,Consumer Non-Durables,Food: Specialty/Candy,-1.62601626,-0.54794521,HKEX
1858,BEIJING CHUNLIZHENGDA MED INST CO,15.7,-0.50697085,Buy,294000,0.51216389,4615800,9234770794,951,Health Technology,Medical Specialties,10.09817672,-0.50697085,HKEX
6178,EVERBRIGHT SECURITIES COMPANY LTD,5.52,-1.42857143,Buy,824000,-1.42857143,4548480,74227896786,8760,Finance,Investment Banks/Brokers,1.28440367,-1.42857143,HKEX
9996,PEIJIA MEDICAL LIMITED,9.44,0.96256684,Buy,476000,0,4493440,6321459700,689,Health Technology,Medical Specialties,22.12160414,0.96256684,HKEX
1563,INTERNATIONAL ALLIANCE FN LS CO LTD,5.1,3.86965377,Buy,879500,3.03030303,4485450,7364999771,32,Finance,Finance/Rental/Leasing,16.17312073,3.86965377,HKEX
6610,FLOWING CLOUD TECHNOLOGY LTD,4.49,-1.53508772,Buy,996000,2.27790433,4472040,8253600000,,Technology Services,Information Technology Services,-9.83935743,-1.53508772,HKEX
9923,YEAHKA LTD,22.2,-1.7699115,Buy,199600,0,4431120,10124882935,1439,Technology Services,Information Technology Services,14.0801703,-1.7699115,HKEX
2616,CSTONE PHARMACEUTICALS,4.36,-2.24215247,Buy,1000000,-0.456621,4360000,5242850365,611,Health Technology,Pharmaceuticals: Major,26.01156069,-2.24215247,HKEX
81,CHINA OVERSEAS GRAND OCEANS GROUP L,3.71,-1.06666667,Buy,1164000,-0.2688172,4318440,13347655334,3505,Finance,Real Estate Development,3.05555556,-1.06666667,HKEX
3958,DFZQ,3.75,-1.57480315,Buy,1094800,-1.83246073,4105500,80978521911,7835,Finance,Investment Banks/Brokers,0.53619303,-1.57480315,HKEX
1199,COSCO SHIPPING PORTS LTD,6.08,0.16474465,Buy,668000,0.16474465,4061440,20884792920,,Transportation,Other Transportation,3.22580645,0.16474465,HKEX
819,TIANNENG POWER INTERNATIONAL LTD,8.57,-1.49425287,Buy,472000,-1.03926097,4045040,9797283037,25618,Producer Manufacturing,Electrical Products,2.51196172,-1.49425287,HKEX
861,DIGITAL CHINA HLDGS,3.59,0,Buy,1095000,0,3931050,5430308282,14744,Distribution Services,Electronics Distributors,1.12676056,0,HKEX
220,UNI-PRESIDENT CHINA HOLDINGS LTD,6.99,0.43103448,Buy,562000,0.43103448,3928380,30062564696,32765,Consumer Non-Durables,Beverages: Non-Alcoholic,2.19298246,0.43103448,HKEX
3866,BANK OF QINGDAO CO LTD,3.45,-2.54237288,Buy,1134500,-4.16666667,3914025,22501059164,,Finance,Regional Banks,-8,-2.54237288,HKEX
489,DONGFENG MOTOR GROUP CO,4.6,-1.28755365,Buy,842000,-0.21691974,3873200,40151117576,122061,Consumer Durables,Motor Vehicles,5.26315789,-1.28755365,HKEX
512,GRAND PHARMACEUTICAL GROUP LTD,4.5,-0.22172949,Buy,834805,-0.44247788,3756622.5,16008567326,10029,Health Technology,Pharmaceuticals: Major,9.48905109,-0.22172949,HKEX
9898,WEIBO CORPORATION,138.9,-3.54166667,Buy,26940,-2.18309859,3741966,34274229765.999996,6147,Technology Services,Internet Software/Services,11.12,-3.54166667,HKEX
2005,SSY GROUP LIMITED,4.11,1.48148148,Buy,910000,1.98511166,3740100,12044228924,4800,Health Technology,Pharmaceuticals: Major,5.65552699,1.48148148,HKEX
9857,LINMON MEDIA LTD,18.200001,-5.20833306,Strong Sell,199600,-2.67379665,3632720.1996,6560351014,,Consumer Services,Movies/Entertainment,-17.08428168,-13.33332857,HKEX
148,KINGBOARD HOLDINGS LTD,25.6,-2.84629981,Buy,139000,-2.84629981,3558400,29216662984,36000,Process Industries,Chemicals: Specialty,0,-2.84629981,HKEX
1052,YUEXIU TRANSPORT INFRASTRUCTURE LTD,4.04,-0.73710074,Buy,877165,-0.73710074,3543746.6,6809770569,2022,Transportation,Other Transportation,10.68493151,-0.73710074,HKEX
3316,BINJIANG SVC GROUP CO LTD,19.94,-1.04218362,Buy,177500,0.80889788,3539350,5569601205,7225,Finance,Real Estate Development,10.16574586,-1.04218362,HKEX
2157,LEPU BIOPHARMA CO LTD,8.86,1.14155251,Buy,398000,-1.99115044,3526280,14536737508,440,Health Technology,Pharmaceuticals: Major,-0.4494382,1.14155251,HKEX
2367,GIANT BIOGENE HLDG CO. LTD,29.8,-5.3968254,Neutral,117400,-2.61437908,3498520,30637200000,669,Consumer Non-Durables,Household/Personal Care,13.3079891,-5.3968254,HKEX
1196,REALORD GROUP HOLDINGS LIMITED,8.84,-0.11299435,Sell,394000,-0.11299435,3482960,12750282624,521,Industrial Services,Environmental Services,-1.66852058,-0.11299435,HKEX
3331,VINDA INTERNATIONAL HOLDINGS LTD,18.54,-3.13479118,Sell,187000,-3.13479624,3466980,23030690242,11679,Consumer Non-Durables,Household/Personal Care,-8.66994624,-3.13479118,HKEX
9899,CLOUD MUSIC INC,79.75,0.75805178,Buy,43450,2.24358974,3465137.5,16713118959,1503,Technology Services,Internet Software/Services,7.91609992,0.75805178,HKEX
1310,HKBN LTD,5.44,-0.18348624,Neutral,633500,-0.36630037,3446240,7148216290,4864,Communications,Major Telecommunications,4.61538462,-0.18348624,HKEX
2588,BOC AVIATION LTD,60.7,-2.25442519,Buy,56400,0.99833611,3423480,43098039499,186,Finance,Finance/Rental/Leasing,-0.89795918,-2.25442519,HKEX
9983,CENTRAL CHINA NEW LIFE LTD,3.94,-2.95566502,Buy,860000,0.76726343,3388400,5191627293,6007,Finance,Real Estate Development,18.6746988,-2.95566502,HKEX
973,L'OCCITANE INTERNATIONAL S.A.,24.05,-1.63599584,Buy,136635,-1.02880658,3286071.75,35903303965,9042,Consumer Non-Durables,Household/Personal Care,10.57471264,-1.63599584,HKEX
659,NWS HOLDINGS LIMITED,6.47,-0.61443932,Neutral,505000,-0.46153846,3267350,25456885446,13800,Industrial Services,Engineering & Construction,0.93603744,-0.61443932,HKEX
631,SANY HEAVY EQUIPMENT INTL HLDG CO,7.85,0.77021823,Neutral,405000,0.77021823,3179250,24639359079,4995,Producer Manufacturing,Trucks/Construction/Farm Machinery,-5.5354994,0.77021823,HKEX
778,FORTUNE REAL ESTATE INV TRUST,5.86,-1.67785235,Neutral,538000,-2.81923715,3152680,11846246531,,Finance,Real Estate Investment Trusts,5.77617329,-1.67785235,HKEX
551,YUE YUEN INDUSTRIAL HLDGS,11.16,-2.10526316,Buy,281900,-3.29289428,3146004,18361726949,317200,Consumer Non-Durables,Apparel/Footwear,14.46153846,-2.10526316,HKEX
1666,TONG REN TANG TECHNOLOGIES CO,5.78,-0.17271157,Buy,513000,-0.17271157,2965140,7415739192,3966,Health Technology,Pharmaceuticals: Major,12.01550388,-0.17271157,HKEX
6626,YUEXIU SERVICES GROUP LTD,3.45,-0.57636888,Buy,851500,0,2937675,5281444669,11212,Finance,Real Estate Development,16.16161616,-0.57636888,HKEX
6993,BLUE MOON GROUP HLDGS LTD,5.5,-0.54249548,Buy,528500,0.54844607,2906750,32405436609,7617,Consumer Non-Durables,Household/Personal Care,1.47601476,-0.54249548,HKEX
2325,YUNKANG GROUP LTD,15.82,-0.50314465,Buy,181000,0.12658228,2863420,9877882527,2389,Health Services,Medical/Nursing Services,1.02171137,-0.50314465,HKEX
6826,SHANGHAI HAOHAI BIOLOGICAL TECH CO,33.3,1.99080539,Buy,85900,2.14723926,2860470,14261118098,1892,Distribution Services,Medical Distributors,17.04744756,1.99080539,HKEX
177,JIANGSU EXPRESSWAY CO,6.8,-0.87463557,Buy,412800,-0.87463557,2807040,42579039218,4822,Transportation,Other Transportation,-3.40909091,-0.87463557,HKEX
2172,MICROPORT NEUROTECH LTD,19.9,-1.97043852,Sell,137000,-1.48514851,2726300,11828000000,484,Health Technology,Medical Specialties,-8.08314088,-1.97043852,HKEX
14,HYSAN DEVELOPMENT,22.5,0.67114094,Strong Buy,116338,0.89686099,2617605,22953635914,467,Finance,Real Estate Development,9.48905642,0.67114094,HKEX
6680,JL MAG RARE-EARTH CO LTD,23.75,-1.45228216,Sell,106600,-0.21008403,2531750,26395175320,3529,Producer Manufacturing,Metal Fabrication,-0.41928721,-1.45228216,HKEX
1070,TCL ELECTRONICS HOLDINGS LTD,3.32,1.2195122,Buy,749200,0.60606061,2487344,8199279225,31238,Consumer Durables,Electronics/Appliances,4.40251572,1.2195122,HKEX
2888,STANDARD CHARTERED PLC,56.75,0.88888889,Buy,43450,1.06856634,2465787.5,165206565032.21747,81957,Finance,Major Banks,-0.08802641,0.88888889,HKEX
2279,YONGHE MEDICAL GROUP CO LTD,10.3,-3.73831776,Buy,239000,-4.80591497,2461700,5639760654,4395,Health Services,Medical/Nursing Services,5.20939734,-3.73831776,HKEX
548,SHENZHEN EXPRESSWAY CORPORATION LTD,6.68,-1.03703704,Buy,363000,-1.76470588,2424840,19223005699,7105,Transportation,Other Transportation,1.98473282,-1.03703704,HKEX
69,SHANGRI-LA ASIA,6.15,0.65466448,Buy,387426,0.81967213,2382669.9,21827334046,23200,Consumer Services,Hotels/Resorts/Cruise lines,27.0661157,0.65466448,HKEX
341,CAFE DE CORAL HLDGS,13.06,-2.53731343,Buy,181541,-1.06060606,2370925.46,7761136815,17954,Consumer Services,Restaurants,15.78014184,-2.53731343,HKEX
363,SHANGHAI INDUSTRIAL HLDGS,9.58,0.84210526,Buy,245000,0.10449321,2347100,10328510864,,Finance,Real Estate Development,4.35729847,0.84210526,HKEX
1913,PRADA SPA,43.85,-2.98672781,Buy,51200,2.69320843,2245120,115658845605,13140,Consumer Non-Durables,Consumer Sundries,2.57309942,-2.98672781,HKEX
6689,CHONGQING HONGJIU FRUIT CO LTD,73.55,3.5915493,Buy,29820,4.84675695,2193261,33183185394,,Distribution Services,Food Distributors,5.07142857,3.5915493,HKEX
576,ZHEJIANG EXPRESSWAY CO,5.95,0,Buy,368507,1.70940171,2192616.65,25841530400,,Transportation,Other Transportation,2.5862069,0,HKEX
2162,KEYMED BIOSCIENCES INC,49.8,-1.48367758,Buy,43000,-1.48367953,2141400,13231937441,320,Finance,Financial Conglomerates,-1.48367758,-1.48367758,HKEX
1121,GOLDEN SOLAR NEW ENERGY TECHNOLOGY,8.1,-3.34128878,Sell,258000,-1.45985401,2089800,14346221600,780,Consumer Non-Durables,Apparel/Footwear,-8.8863892,-3.34128878,HKEX
2179,JIANGSU RECBIO TECHNOLOGY CO LTD,22.05,0.00000454,Buy,85000,1.37931034,1874250,10649300000,,Commercial Services,Miscellaneous Commercial Services,6.77966102,0.00000454,HKEX
3360,FAR EAST HORIZON LIMITED,6.07,-0.32840722,Buy,307000,1.33555927,1863490,25448962815,23257,Finance,Finance/Rental/Leasing,2.3608769,-0.32840722,HKEX
2039,CHINA INTL MARINE CONTAINERS(GROUP),5.97,-0.99502488,Neutral,299500,-0.99502488,1788015,37617094779,51746,Process Industries,Containers/Packaging,-1.1589404,-0.99502488,HKEX
2192,MEDLIVE TECHNOLOGY CO LTD,10.58,-2.75735294,Buy,167000,-3.64298725,1766860,7804746566,502,Commercial Services,Miscellaneous Commercial Services,8.84773663,-2.75735294,HKEX
1477,OCUMENSION THERAPEUTICS,9.9,-2.94117647,Buy,175000,3.99159664,1732500,6681630527,244,Health Technology,Pharmaceuticals: Major,33.78378378,-2.94117647,HKEX
6069,SY HOLDINGS GROUP LTD,6.17,-0.1618123,Strong Buy,278900,-0.32310178,1720813,6227675298,347,Finance,Finance/Rental/Leasing,5.47008547,-0.1618123,HKEX
10,HANG LUNG GROUP,14.3,-2.45566166,Buy,118000,-2.45566166,1687400,19961323867,,Finance,Real Estate Development,4.37956204,-2.45566166,HKEX
2285,CHERVON HLDGS LTD,41.65,-3.13953488,Buy,40300,-2.80046674,1678495,21079408875,6732,Producer Manufacturing,Industrial Machinery,-6.40449438,-3.13953488,HKEX
553,NANJING PANDA ELECTRONICS CO,3.69,-1.6,Buy,448000,-0.27027027,1653120,9216354590,3143,Electronic Technology,Telecommunications Equipment,-0.53908356,-1.6,HKEX
303,VTECH HLDGS,52.05,-1.69971857,Buy,30900,-0.47801147,1608345,13374993574,25000,Consumer Durables,Recreational Products,5.0454108,-1.69971857,HKEX
777,NETDRAGON WEBSOFT HOLDINGS LTD,16.14,-1.46519545,Buy,97000,-0.37037037,1565580,8849594473,4834,Technology Services,Packaged Software,4.6692607,-1.46519545,HKEX
1361,361 DEGREES INTERNATIONAL LIMITED,3.43,0.29239766,Buy,452000,1.47928994,1550360,7071199171,6692,Consumer Non-Durables,Apparel/Footwear,1.47928994,0.29239766,HKEX
564,ZHENGZHOU COAL MINING MACHINERY GRO,8.04,-1.22850123,Neutral,190600,0.124533,1532424,22921232831,,Producer Manufacturing,Auto Parts: OEM,-0.86313194,-1.22850123,HKEX
9989,SHENZHEN HEPALINK PHARMACEUTICAL,5.82,-0.68259386,Buy,261500,0.34482759,1521930,20877835474,2046,Health Technology,Pharmaceuticals: Major,8.78504673,-0.68259386,HKEX
2386,SINOPEC ENGINEERING(GROUP)CO LTD,3.33,-0.2994012,Buy,452000,-0.2994012,1505160,14789519783,16973,Industrial Services,Engineering & Construction,4.0625,-0.2994012,HKEX
1717,AUSNUTRIA DAIRY CORP LTD,4.64,-2.10970464,Neutral,320000,-2.10970464,1484800,8532529597.999999,4896,Consumer Non-Durables,Food: Major Diversified,15.13647643,-2.10970464,HKEX
1133,HARBIN ELECTRIC CO LTD,3.1,-2.51572327,Buy,478000,-0.64102564,1481800,5426743203,13982,Producer Manufacturing,Electrical Products,-5.48780488,-2.51572327,HKEX
1830,PERFECT MEDICAL HEALTH MGT LTD,4.02,-0.24813896,Buy,364000,0,1463280,5069888339,1414,Health Services,Medical/Nursing Services,8.64864865,-0.24813896,HKEX
23,BANK OF EAST ASIA LIMITED,9.39,0.10660981,Buy,151211,0.10660981,1419871.29,25184526274,8824,Finance,Major Banks,4.91620112,0.10660981,HKEX
921,HISENSE HOME APPLIANCES GROUP CO LT,8.31,0.12048193,Strong Buy,170000,-0.8353222,1412700,18231599068,48263,Consumer Durables,Electronics/Appliances,3.48692403,0.12048193,HKEX
1083,TOWNGAS SMART ENERGY COMPANY LTD,3.85,0,Buy,361000,0.78534031,1389850,12545669282,23287,Utilities,Gas Distributors,8.75706215,0,HKEX
9993,RADIANCE HOLDINGS GROUP COMPANY LTD,3.96,-0.25188917,Buy,350000,-1.7369727,1386000,16059551507,3383,Finance,Real Estate Development,-10.20408163,-0.25188917,HKEX
317,CSSC OFFSHORE & MARINE ENGINEERING,7.5,-1.05540897,Sell,170000,-1.05540897,1275000,24999076466,7465,Producer Manufacturing,Trucks/Construction/Farm Machinery,-6.13266583,-1.05540897,HKEX
1381,CANVEST ENVIR PROTECTION GP CO LTD,4.24,-0.70257611,Sell,291000,0.47393365,1233840,10373713716,3976,Industrial Services,Engineering & Construction,-3.41685649,-0.70257611,HKEX
743,ASIA CEMENT CHINA HOLDINGS CORP,3.51,-2.5,Buy,340500,-2.5,1195155,5640663278,3774,Non-Energy Minerals,Construction Materials,11.07594937,-2.5,HKEX
9896,MINISO GROUP HLDG LTD,23.1,-2.94117239,Buy,51000,-3.14465409,1178100,30154276548,3372,Retail Trade,Specialty Stores,7.19258038,-2.94117239,HKEX
856,VSTECS HOLDINGS LTD,4.38,-1.57303371,Buy,264000,-1.35135135,1156320,6456584684,4199,Technology Services,Information Technology Services,3.79146919,-1.57303371,HKEX
1686,SUNEVISION HLDGS,4.2,-0.70921986,Neutral,271500,0.4784689,1140300,9894211700,410,Technology Services,Data Processing Services,6.87022901,-0.70921986,HKEX
2356,DAH SING BANKING GROUP,5.52,-0.18083183,Buy,206000,0.72992701,1137120,7773809276,2875,Finance,Regional Banks,1.65745856,-0.18083183,HKEX
1866,CHINA XLX FERTILISER LTD,4.05,-1.69902913,Neutral,280000,-0.49140049,1134000,5059858263,8698,Process Industries,Chemicals: Agricultural,-1.45985401,-1.69902913,HKEX
658,CHINA HIGH SPEED TRANS EQUIP GROUP,3.57,-2.72479564,Sell,309000,-4.03225806,1103130,6001519944,6163,Utilities,Alternative Power Generation,-1.38121547,-2.72479564,HKEX
2518,AUTOHOME INC,64.05,0.3918511,Buy,17100,0.39184953,1095255,32039114302,5793,Technology Services,Internet Software/Services,11.87772926,0.3918511,HKEX
1137,HONG KONG TECHNOLOGY VENTURE CO LTD,6.04,-0.98360656,Buy,180000,-0.16528926,1087200,5629787607,2083,Retail Trade,Internet Retail,4.31778929,-0.98360656,HKEX
2155,MORIMATSU INTERNATIONAL HOLDINGS CO,8.48,-2.64064294,Buy,112000,-3.63636364,949760,9352762316,3211,Producer Manufacturing,Industrial Machinery,7.34177215,-2.64064294,HKEX
2156,C&D PROPERTY MANAGEMENT GROUP LTD,4.58,-0.43478261,Buy,206000,-0.43478261,943480,6146800971,11057,Finance,Real Estate Development,6.26450116,-0.43478261,HKEX
2678,TEXHONG TEXTILE GROUP LTD,6.57,-0.60514372,Buy,140500,0.30534351,923085,6067980123,33639,Process Industries,Textiles,2.97805643,-0.60514372,HKEX
45,HONG KONG & SHANGHAI HOTELS,7.47,-2.734375,Buy,123000,-2.734375,918810,12667654404,5866,Consumer Services,Hotels/Resorts/Cruise lines,8.73362445,-2.734375,HKEX
179,JOHNSON ELECTRIC HOLDINGS,9.59,-0.72463768,Buy,93500,0.20898642,896665,8745132298,35000,Producer Manufacturing,Auto Parts: OEM,-1.03199174,-0.72463768,HKEX
1698,TENCENT MUSIC ENTERTAINMENT GROUP,31.45,-1.71875,Buy,28500,-1.87207488,896325,109828938071,5966,Technology Services,Internet Software/Services,20.26768642,-1.71875,HKEX
38,FIRST TRACTOR COMPANY LIMITED,3.64,-1.08695652,Buy,242000,0,880880,11212903247,7435,Producer Manufacturing,Trucks/Construction/Farm Machinery,0,-1.08695652,HKEX
9877,JENSCARE SCIENTIFIC CO LTD,48.75,-0.10245697,Buy,18000,0,877500,20357762943,,Health Technology,Medical Specialties,-2.791629,-0.10245697,HKEX
1258,CHINA NONFERROUS MINING CORP LTD,3.89,-2.26130653,Buy,225000,-2.01511335,875250,14881362908,8756,Non-Energy Minerals,Other Metals/Minerals,5.99455041,-2.26130653,HKEX
3660,360 DIGITECH INC,68.95,2.14814815,Strong Buy,12650,1.24816446,872217.5,24353568571,2129,Finance,Finance/Rental/Leasing,13.77888164,2.14814815,HKEX
486,UNITED COMPANY RUSAL IPJSC,3.86,-2.27848101,Neutral,216000,-1.78117048,833760,73563254977.87878,57933,Non-Energy Minerals,Aluminum,3.20855615,-2.27848101,HKEX
116,CHOW SANG SANG HLDGS INTL,9.57,-0.82901554,Buy,87000,-1.44181256,832590,6537238044,10685,Retail Trade,Specialty Stores,6.33333333,-0.82901554,HKEX
2378,PRUDENTIAL,103.2,1.37524558,Buy,7900,1.37524558,815280,284477134512.9403,14486,Finance,Multi-Line Insurance,13.97017844,1.37524558,HKEX
1475,NISSIN FOODS COMPANY LTD,6.47,-0.91883614,Buy,118000,0.31007752,763460,6815030395,3590,Consumer Non-Durables,Food: Specialty/Candy,-0.30816641,-0.91883614,HKEX
2066,SHENGJING BANK,6,0,Sell,125500,-0.16638935,753000,52780080790,8099,Finance,Major Banks,-1.63934426,-1.63934426,HKEX
995,ANHUI EXPRESSWAY COMPANY LTD,6.14,-0.48622366,Buy,122000,-0.48622366,749080,12639060918,2058,Transportation,Other Transportation,3.19327731,-0.48622366,HKEX
2696,SHANGHAI HENLIUS BIOTECH INC,13.82,-0.43227666,Buy,53000,-1.70697013,732460,7543708651,2234,Health Technology,Pharmaceuticals: Major,12.35772358,-0.43227666,HKEX
28,TIAN AN CHINA INVESTMENTS CO,4,3.62694301,Strong Buy,175000,2.8277635,700000,5864277832,1329,Finance,Real Estate Development,6.95187166,6.38297872,HKEX
1456,GUOLIAN SECURITIES CO LTD,4.33,-1.3667426,Buy,159500,-1.81405896,690635,34327374034,2269,Finance,Investment Banks/Brokers,2.85035629,-1.3667426,HKEX
2315,BIOCYTOGEN PHARMACEUTICALS (BEIJING,25.7,-0.96339495,Strong Sell,26000,-1.15384615,668200,10294100000,,Commercial Services,Miscellaneous Commercial Services,-0.96339495,-0.96339495,HKEX
440,DAH SING FINANCIAL HLDGS,18.18,0,Buy,36400,1,661752,5809875484,3014,Finance,Regional Banks,4.60299796,0,HKEX
6198,QINGDAO PORT INTERNATIONAL CO LTD,3.73,-0.26737968,Buy,175000,-0.26737968,652750,39023658152,9218,Transportation,Other Transportation,1.35869565,-0.26737968,HKEX
945,MANULIFE FINANCIAL CORP,138.8,0.94545455,Buy,4700,0.94545455,652360,260955445960.62,38000,Finance,Multi-Line Insurance,0.94545455,0.94545455,HKEX
1967,CONFIDENCE INTELLIGENCE HOLDINGS LT,35.7,-0.27932682,Sell,18000,-1.10803324,642600,8949999809,891,Electronic Technology,Electronic Production Equipment,-2.9891278,-0.27932682,HKEX
9878,HUITONGDA NETWORK CO LTD,32.85,-3.24006176,Sell,18700,-3.24005891,614295,19099200000,4460,Distribution Services,Wholesale Distributors,10.60605688,-3.24006176,HKEX
9699,HANGZHOU SF INTRA-CITY IND CO LTD,7.38,-8.88888889,Buy,79600,-7.98004988,587448,7561007759,2083,Transportation,Air Freight/Couriers,21.18226601,-8.88888889,HKEX
2291,LEPU SCIENTECH MEDICAL TECHNOLOGY S,28.85,-0.68846474,Buy,18000,1.22807018,519300,10073100000,,Commercial Services,Miscellaneous Commercial Services,2.12389381,-0.68846474,HKEX
1963,BANK OF CHONGQING CO LTD,4.09,0,Buy,116500,-1.20772947,476485,21534431492,4714,Finance,Major Banks,-0.72815534,0,HKEX
53,GUOCO GROUP,67,0.7518797,Buy,7000,1.51515152,469000,21790040649,10300,Consumer Services,Hotels/Resorts/Cruise lines,6.34920635,7.2,HKEX
811,XINHUA WINSHARE PUBLISHING & MEDIA,5.26,-1.86567164,Buy,86000,-1.68224299,452360,11577031240,7481,Distribution Services,Wholesale Distributors,2.734375,-1.86567164,HKEX
1836,STELLA INTERNATIONAL HOLDINGS LTD,7.25,-0.68493151,Sell,62000,-0.82079343,449500,5775292851,42500,Consumer Non-Durables,Apparel/Footwear,-0.13774105,-0.68493151,HKEX
2390,ZHIHU INC,20.65,-4.17632966,Buy,20400,-4.17633411,421260,6921908872,2649,Technology Services,Internet Software/Services,13.71145374,-4.17632966,HKEX
435,SUNLIGHT REAL ESTATE INV TRUST,3.11,-0.95541401,Buy,127000,-1.26984127,394970,5301247765,,Finance,Real Estate Investment Trusts,4.01337793,-0.95541401,HKEX
6686,NOAH HOLDINGS PRIVATE WEALTH AND AS,250,6.38297872,Buy,1440,4.34056326,360000,7809726715,3148,Finance,Investment Managers,8.69565217,10.52166225,HKEX
3948,INNER MONGOLIA YITAI COAL,10.6,-0.74906367,Strong Buy,32800,0.76045627,347680,36483579601.21505,5241,Energy Minerals,Coal,-4.15913201,-0.74906367,HKEX
1675,ASIAINFO TECHNOLOGIES LTD,10.92,-0.18281536,Buy,31600,1.2987013,345072,10162125814,13332,Technology Services,Packaged Software,3.21361059,-0.18281536,HKEX
51,HARBOUR CENTRE DEVELOPMENT,7.1,5.18518519,Strong Buy,44000,9.06298003,312400,5032124932,1400,Finance,Real Estate Development,8.89570552,10.59190031,HKEX
2391,TUYA INC,14.34,-0.13927577,Buy,16000,-0.13927577,229440,8307928631.999999,,Technology Services,Packaged Software,68.90459364,-0.13927577,HKEX
1271,GRAND MING GROUP HOLDINGS LIMITED,3.95,0,Sell,54000,0,213300,5607192383,181,Industrial Services,Engineering & Construction,-4.58937198,-0.75376884,HKEX
2218,YANTAI NORTH ANDRE JUICE CO,6.47,-1.22137405,Buy,32000,-1.22137405,207040,7281134103,,Consumer Non-Durables,Food: Specialty/Candy,3.85232745,-1.22137405,HKEX
9886,DINGDANG HEALTH TECHNOLOGY GRP LTD,12.06,-1.63132137,Buy,15500,-1.47058824,186930,7733530000,,Technology Services,Internet Software/Services,1.85810811,-1.63132137,HKEX
41,GREAT EAGLE HLDGS,16.02,-0.62035356,Buy,8895,0.125,142497.9,12053301653,5200,Consumer Services,Hotels/Resorts/Cruise lines,5.39473684,-0.62035356,HKEX
71,MIRAMAR HOTEL & INVESTMENT CO,11.66,-1.52027027,Neutral,12000,0,139920,8180963152,1105,Finance,Real Estate Development,5.04504505,-1.52027027,HKEX
3918,NAGACORP LTD,6.33,-0.31496063,Buy,20002,-0.15772871,126612.66,27826567746,6181,Consumer Services,Hotels/Resorts/Cruise lines,12.63345196,-0.31496063,HKEX
2148,VESYNC CO LTD,4.94,-0.2020202,Buy,20000,-0.2020202,98800,5755264836,1236,Technology Services,Packaged Software,-7.8358209,-0.2020202,HKEX
6190,BANK OF JIUJIANG CO LTD,9.8,0.51282051,Sell,10000,0,98000,23568124674,4624,Finance,Regional Banks,0.51282051,0,HKEX
1839,CIMC VEHICLES GROUP CO LTD,5.18,0.97465887,Buy,16500,0,85470,17060476504.999998,13286,Producer Manufacturing,Trucks/Construction/Farm Machinery,4.43548387,0.97465887,HKEX
6288,FAST RETAILING CO LTD HDR (1DR:0.01SHS),47.150002,2.05627918,Strong Buy,1800,0.31915319,84870.0036,489791444339.3099,57576,Retail Trade,Apparel/Footwear Retail,3.96913799,4.661494,HKEX
2121,QINGDAO AINNOVATION TECH GP CO LTD,21.6,-0.23094688,Strong Buy,3700,5.10948905,79920,12108948914,,Technology Services,Packaged Software,8.98082745,-0.23094688,HKEX
9889,DONGGUAN RURAL COMMERCIAL BANK CO L,7.01,-2.50347705,Strong Sell,10000,-2.50347705,70100,49528642197,7962,Finance,Regional Banks,-1.95804196,-2.50347705,HKEX
34,KOWLOON DEVELOPMENT CO,7.6,-1.17035111,Neutral,7000,-1.17035111,53200,9048294192,2854,Finance,Real Estate Development,4.82758621,-1.17035111,HKEX
4333,CISCO SYSTEMS INC,250,-16.66666667,Buy,200,0,50000,1550577684741.8022,83300,Electronic Technology,Telecommunications Equipment,-16.66666667,-16.66666667,HKEX
1252,CHINA TIANRUI GROUP CEMENT CO LTD,6.25,0.80645161,Buy,5000,-0.79365079,31250,18217346217,7353,Non-Energy Minerals,Construction Materials,-2.79937792,0.80645161,HKEX
1065,TIANJIN CAP ENVIRONMTL PROTECT GRP,3.33,0.60422961,Buy,8000,0,26640,9442929149,2300,Industrial Services,Engineering & Construction,7.76699029,0.60422961,HKEX
6868,TENFU CAYMAN HLDGS COMPANY LTD,5,0,Buy,5000,0,25000,5443702393,3508,Consumer Non-Durables,Food: Major Diversified,4.16666667,0,HKEX
9677,WEIHAI CITY COMMERCIAL BANK,3.1,-2.82131661,Buy,8000,0,24800,18538179301,,Finance,Regional Banks,14.39114391,-2.82131661,HKEX
3308,GOLDEN EAGLE RETAIL GROUP LIMITED,5.64,-0.17699115,Buy,2000,-0.70422535,11280,9380158160,2590,Retail Trade,Department Stores,6.21468927,-0.17699115,HKEX
2299,BILLION INDUSTRIAL HOLDINGS LIMITED,4.25,5.98503741,Sell,2000,0,8500,9005690857,7308,Process Industries,Textiles,-7.60869565,0,HKEX
9638,FERRETTI SPA,19.5,0,Sell,200,0,3900,6600411987,,Consumer Durables,Recreational Products,-2.5,0,HKEX